[2025-05-12 14:58:23] local.ERROR: Trying to access array offset on value of type null {"exception":"[object] (ErrorException(code: 0): Trying to access array offset on value of type null at C:\\xampp\\htdocs\\Repositorio_Grupal\\PSiga_2823506\\CODIGO PROYECTO\\BACKEND\\vendor\\laravel\\framework\\src\\Illuminate\\Database\\Schema\\Grammars\\MySqlGrammar.php:366)
[stacktrace]
#0 C:\\xampp\\htdocs\\Repositorio_Grupal\\PSiga_2823506\\CODIGO PROYECTO\\BACKEND\\vendor\\laravel\\framework\\src\\Illuminate\\Foundation\\Bootstrap\\HandleExceptions.php(256): Illuminate\\Foundation\\Bootstrap\\HandleExceptions->handleError(2, 'Trying to acces...', 'C:\\\\xampp\\\\htdocs...', 366)
#1 C:\\xampp\\htdocs\\Repositorio_Grupal\\PSiga_2823506\\CODIGO PROYECTO\\BACKEND\\vendor\\laravel\\framework\\src\\Illuminate\\Database\\Schema\\Grammars\\MySqlGrammar.php(366): Illuminate\\Foundation\\Bootstrap\\HandleExceptions->Illuminate\\Foundation\\Bootstrap\\{closure}(2, 'Trying to acces...', 'C:\\\\xampp\\\\htdocs...', 366)
#2 C:\\xampp\\htdocs\\Repositorio_Grupal\\PSiga_2823506\\CODIGO PROYECTO\\BACKEND\\vendor\\laravel\\framework\\src\\Illuminate\\Database\\Schema\\Grammars\\MySqlGrammar.php(348): Illuminate\\Database\\Schema\\Grammars\\MySqlGrammar->compileLegacyRenameColumn(Object(Illuminate\\Database\\Schema\\Blueprint), Object(Illuminate\\Support\\Fluent))
#3 C:\\xampp\\htdocs\\Repositorio_Grupal\\PSiga_2823506\\CODIGO PROYECTO\\BACKEND\\vendor\\laravel\\framework\\src\\Illuminate\\Database\\Schema\\Blueprint.php(151): Illuminate\\Database\\Schema\\Grammars\\MySqlGrammar->compileRenameColumn(Object(Illuminate\\Database\\Schema\\Blueprint), Object(Illuminate\\Support\\Fluent))
#4 C:\\xampp\\htdocs\\Repositorio_Grupal\\PSiga_2823506\\CODIGO PROYECTO\\BACKEND\\vendor\\laravel\\framework\\src\\Illuminate\\Database\\Schema\\Blueprint.php(118): Illuminate\\Database\\Schema\\Blueprint->toSql()
#5 C:\\xampp\\htdocs\\Repositorio_Grupal\\PSiga_2823506\\CODIGO PROYECTO\\BACKEND\\vendor\\laravel\\framework\\src\\Illuminate\\Database\\Schema\\Builder.php(618): Illuminate\\Database\\Schema\\Blueprint->build()
#6 C:\\xampp\\htdocs\\Repositorio_Grupal\\PSiga_2823506\\CODIGO PROYECTO\\BACKEND\\vendor\\laravel\\framework\\src\\Illuminate\\Database\\Schema\\Builder.php(460): Illuminate\\Database\\Schema\\Builder->build(Object(Illuminate\\Database\\Schema\\Blueprint))
#7 C:\\xampp\\htdocs\\Repositorio_Grupal\\PSiga_2823506\\CODIGO PROYECTO\\BACKEND\\vendor\\laravel\\framework\\src\\Illuminate\\Support\\Facades\\Facade.php(361): Illuminate\\Database\\Schema\\Builder->table('usuarios', Object(Closure))
#8 C:\\xampp\\htdocs\\Repositorio_Grupal\\PSiga_2823506\\CODIGO PROYECTO\\BACKEND\\database\\migrations\\2025_04_04_052100_rename_contraseña_to_password_in_usuarios_table.php(11): Illuminate\\Support\\Facades\\Facade::__callStatic('table', Array)
#9 C:\\xampp\\htdocs\\Repositorio_Grupal\\PSiga_2823506\\CODIGO PROYECTO\\BACKEND\\vendor\\laravel\\framework\\src\\Illuminate\\Database\\Migrations\\Migrator.php(514): RenameContraseñaToPasswordInUsuariosTable->up()
#10 C:\\xampp\\htdocs\\Repositorio_Grupal\\PSiga_2823506\\CODIGO PROYECTO\\BACKEND\\vendor\\laravel\\framework\\src\\Illuminate\\Database\\Migrations\\Migrator.php(439): Illuminate\\Database\\Migrations\\Migrator->runMethod(Object(Illuminate\\Database\\MySqlConnection), Object(RenameContraseñaToPasswordInUsuariosTable), 'up')
#11 C:\\xampp\\htdocs\\Repositorio_Grupal\\PSiga_2823506\\CODIGO PROYECTO\\BACKEND\\vendor\\laravel\\framework\\src\\Illuminate\\Database\\Migrations\\Migrator.php(448): Illuminate\\Database\\Migrations\\Migrator->Illuminate\\Database\\Migrations\\{closure}()
#12 C:\\xampp\\htdocs\\Repositorio_Grupal\\PSiga_2823506\\CODIGO PROYECTO\\BACKEND\\vendor\\laravel\\framework\\src\\Illuminate\\Database\\Migrations\\Migrator.php(250): Illuminate\\Database\\Migrations\\Migrator->runMigration(Object(RenameContraseñaToPasswordInUsuariosTable), 'up')
#13 C:\\xampp\\htdocs\\Repositorio_Grupal\\PSiga_2823506\\CODIGO PROYECTO\\BACKEND\\vendor\\laravel\\framework\\src\\Illuminate\\Console\\View\\Components\\Task.php(41): Illuminate\\Database\\Migrations\\Migrator->Illuminate\\Database\\Migrations\\{closure}()
#14 C:\\xampp\\htdocs\\Repositorio_Grupal\\PSiga_2823506\\CODIGO PROYECTO\\BACKEND\\vendor\\laravel\\framework\\src\\Illuminate\\Database\\Migrations\\Migrator.php(805): Illuminate\\Console\\View\\Components\\Task->render('2025_04_04_0521...', Object(Closure))
#15 C:\\xampp\\htdocs\\Repositorio_Grupal\\PSiga_2823506\\CODIGO PROYECTO\\BACKEND\\vendor\\laravel\\framework\\src\\Illuminate\\Database\\Migrations\\Migrator.php(250): Illuminate\\Database\\Migrations\\Migrator->write('Illuminate\\\\Cons...', '2025_04_04_0521...', Object(Closure))
#16 C:\\xampp\\htdocs\\Repositorio_Grupal\\PSiga_2823506\\CODIGO PROYECTO\\BACKEND\\vendor\\laravel\\framework\\src\\Illuminate\\Database\\Migrations\\Migrator.php(210): Illuminate\\Database\\Migrations\\Migrator->runUp('C:\\\\xampp\\\\htdocs...', 1, false)
#17 C:\\xampp\\htdocs\\Repositorio_Grupal\\PSiga_2823506\\CODIGO PROYECTO\\BACKEND\\vendor\\laravel\\framework\\src\\Illuminate\\Database\\Migrations\\Migrator.php(137): Illuminate\\Database\\Migrations\\Migrator->runPending(Array, Array)
#18 C:\\xampp\\htdocs\\Repositorio_Grupal\\PSiga_2823506\\CODIGO PROYECTO\\BACKEND\\vendor\\laravel\\framework\\src\\Illuminate\\Database\\Console\\Migrations\\MigrateCommand.php(116): Illuminate\\Database\\Migrations\\Migrator->run(Array, Array)
#19 C:\\xampp\\htdocs\\Repositorio_Grupal\\PSiga_2823506\\CODIGO PROYECTO\\BACKEND\\vendor\\laravel\\framework\\src\\Illuminate\\Database\\Migrations\\Migrator.php(665): Illuminate\\Database\\Console\\Migrations\\MigrateCommand->Illuminate\\Database\\Console\\Migrations\\{closure}()
#20 C:\\xampp\\htdocs\\Repositorio_Grupal\\PSiga_2823506\\CODIGO PROYECTO\\BACKEND\\vendor\\laravel\\framework\\src\\Illuminate\\Database\\Console\\Migrations\\MigrateCommand.php(109): Illuminate\\Database\\Migrations\\Migrator->usingConnection(NULL, Object(Closure))
#21 C:\\xampp\\htdocs\\Repositorio_Grupal\\PSiga_2823506\\CODIGO PROYECTO\\BACKEND\\vendor\\laravel\\framework\\src\\Illuminate\\Database\\Console\\Migrations\\MigrateCommand.php(88): Illuminate\\Database\\Console\\Migrations\\MigrateCommand->runMigrations()
#22 C:\\xampp\\htdocs\\Repositorio_Grupal\\PSiga_2823506\\CODIGO PROYECTO\\BACKEND\\vendor\\laravel\\framework\\src\\Illuminate\\Container\\BoundMethod.php(36): Illuminate\\Database\\Console\\Migrations\\MigrateCommand->handle()
#23 C:\\xampp\\htdocs\\Repositorio_Grupal\\PSiga_2823506\\CODIGO PROYECTO\\BACKEND\\vendor\\laravel\\framework\\src\\Illuminate\\Container\\Util.php(43): Illuminate\\Container\\BoundMethod::Illuminate\\Container\\{closure}()
#24 C:\\xampp\\htdocs\\Repositorio_Grupal\\PSiga_2823506\\CODIGO PROYECTO\\BACKEND\\vendor\\laravel\\framework\\src\\Illuminate\\Container\\BoundMethod.php(96): Illuminate\\Container\\Util::unwrapIfClosure(Object(Closure))
#25 C:\\xampp\\htdocs\\Repositorio_Grupal\\PSiga_2823506\\CODIGO PROYECTO\\BACKEND\\vendor\\laravel\\framework\\src\\Illuminate\\Container\\BoundMethod.php(35): Illuminate\\Container\\BoundMethod::callBoundMethod(Object(Illuminate\\Foundation\\Application), Array, Object(Closure))
#26 C:\\xampp\\htdocs\\Repositorio_Grupal\\PSiga_2823506\\CODIGO PROYECTO\\BACKEND\\vendor\\laravel\\framework\\src\\Illuminate\\Container\\Container.php(754): Illuminate\\Container\\BoundMethod::call(Object(Illuminate\\Foundation\\Application), Array, Array, NULL)
#27 C:\\xampp\\htdocs\\Repositorio_Grupal\\PSiga_2823506\\CODIGO PROYECTO\\BACKEND\\vendor\\laravel\\framework\\src\\Illuminate\\Console\\Command.php(211): Illuminate\\Container\\Container->call(Array)
#28 C:\\xampp\\htdocs\\Repositorio_Grupal\\PSiga_2823506\\CODIGO PROYECTO\\BACKEND\\vendor\\symfony\\console\\Command\\Command.php(279): Illuminate\\Console\\Command->execute(Object(Symfony\\Component\\Console\\Input\\ArgvInput), Object(Illuminate\\Console\\OutputStyle))
#29 C:\\xampp\\htdocs\\Repositorio_Grupal\\PSiga_2823506\\CODIGO PROYECTO\\BACKEND\\vendor\\laravel\\framework\\src\\Illuminate\\Console\\Command.php(180): Symfony\\Component\\Console\\Command\\Command->run(Object(Symfony\\Component\\Console\\Input\\ArgvInput), Object(Illuminate\\Console\\OutputStyle))
#30 C:\\xampp\\htdocs\\Repositorio_Grupal\\PSiga_2823506\\CODIGO PROYECTO\\BACKEND\\vendor\\symfony\\console\\Application.php(1094): Illuminate\\Console\\Command->run(Object(Symfony\\Component\\Console\\Input\\ArgvInput), Object(Symfony\\Component\\Console\\Output\\ConsoleOutput))
#31 C:\\xampp\\htdocs\\Repositorio_Grupal\\PSiga_2823506\\CODIGO PROYECTO\\BACKEND\\vendor\\symfony\\console\\Application.php(342): Symfony\\Component\\Console\\Application->doRunCommand(Object(Illuminate\\Database\\Console\\Migrations\\MigrateCommand), Object(Symfony\\Component\\Console\\Input\\ArgvInput), Object(Symfony\\Component\\Console\\Output\\ConsoleOutput))
#32 C:\\xampp\\htdocs\\Repositorio_Grupal\\PSiga_2823506\\CODIGO PROYECTO\\BACKEND\\vendor\\symfony\\console\\Application.php(193): Symfony\\Component\\Console\\Application->doRun(Object(Symfony\\Component\\Console\\Input\\ArgvInput), Object(Symfony\\Component\\Console\\Output\\ConsoleOutput))
#33 C:\\xampp\\htdocs\\Repositorio_Grupal\\PSiga_2823506\\CODIGO PROYECTO\\BACKEND\\vendor\\laravel\\framework\\src\\Illuminate\\Foundation\\Console\\Kernel.php(197): Symfony\\Component\\Console\\Application->run(Object(Symfony\\Component\\Console\\Input\\ArgvInput), Object(Symfony\\Component\\Console\\Output\\ConsoleOutput))
#34 C:\\xampp\\htdocs\\Repositorio_Grupal\\PSiga_2823506\\CODIGO PROYECTO\\BACKEND\\vendor\\laravel\\framework\\src\\Illuminate\\Foundation\\Application.php(1234): Illuminate\\Foundation\\Console\\Kernel->handle(Object(Symfony\\Component\\Console\\Input\\ArgvInput), Object(Symfony\\Component\\Console\\Output\\ConsoleOutput))
#35 C:\\xampp\\htdocs\\Repositorio_Grupal\\PSiga_2823506\\CODIGO PROYECTO\\BACKEND\\artisan(16): Illuminate\\Foundation\\Application->handleCommand(Object(Symfony\\Component\\Console\\Input\\ArgvInput))
#36 {main}
"} 
[2025-05-12 14:59:04] local.ERROR: Trying to access array offset on value of type null {"exception":"[object] (ErrorException(code: 0): Trying to access array offset on value of type null at C:\\xampp\\htdocs\\Repositorio_Grupal\\PSiga_2823506\\CODIGO PROYECTO\\BACKEND\\vendor\\laravel\\framework\\src\\Illuminate\\Database\\Schema\\Grammars\\MySqlGrammar.php:366)
[stacktrace]
#0 C:\\xampp\\htdocs\\Repositorio_Grupal\\PSiga_2823506\\CODIGO PROYECTO\\BACKEND\\vendor\\laravel\\framework\\src\\Illuminate\\Foundation\\Bootstrap\\HandleExceptions.php(256): Illuminate\\Foundation\\Bootstrap\\HandleExceptions->handleError(2, 'Trying to acces...', 'C:\\\\xampp\\\\htdocs...', 366)
#1 C:\\xampp\\htdocs\\Repositorio_Grupal\\PSiga_2823506\\CODIGO PROYECTO\\BACKEND\\vendor\\laravel\\framework\\src\\Illuminate\\Database\\Schema\\Grammars\\MySqlGrammar.php(366): Illuminate\\Foundation\\Bootstrap\\HandleExceptions->Illuminate\\Foundation\\Bootstrap\\{closure}(2, 'Trying to acces...', 'C:\\\\xampp\\\\htdocs...', 366)
#2 C:\\xampp\\htdocs\\Repositorio_Grupal\\PSiga_2823506\\CODIGO PROYECTO\\BACKEND\\vendor\\laravel\\framework\\src\\Illuminate\\Database\\Schema\\Grammars\\MySqlGrammar.php(348): Illuminate\\Database\\Schema\\Grammars\\MySqlGrammar->compileLegacyRenameColumn(Object(Illuminate\\Database\\Schema\\Blueprint), Object(Illuminate\\Support\\Fluent))
#3 C:\\xampp\\htdocs\\Repositorio_Grupal\\PSiga_2823506\\CODIGO PROYECTO\\BACKEND\\vendor\\laravel\\framework\\src\\Illuminate\\Database\\Schema\\Blueprint.php(151): Illuminate\\Database\\Schema\\Grammars\\MySqlGrammar->compileRenameColumn(Object(Illuminate\\Database\\Schema\\Blueprint), Object(Illuminate\\Support\\Fluent))
#4 C:\\xampp\\htdocs\\Repositorio_Grupal\\PSiga_2823506\\CODIGO PROYECTO\\BACKEND\\vendor\\laravel\\framework\\src\\Illuminate\\Database\\Schema\\Blueprint.php(118): Illuminate\\Database\\Schema\\Blueprint->toSql()
#5 C:\\xampp\\htdocs\\Repositorio_Grupal\\PSiga_2823506\\CODIGO PROYECTO\\BACKEND\\vendor\\laravel\\framework\\src\\Illuminate\\Database\\Schema\\Builder.php(618): Illuminate\\Database\\Schema\\Blueprint->build()
#6 C:\\xampp\\htdocs\\Repositorio_Grupal\\PSiga_2823506\\CODIGO PROYECTO\\BACKEND\\vendor\\laravel\\framework\\src\\Illuminate\\Database\\Schema\\Builder.php(460): Illuminate\\Database\\Schema\\Builder->build(Object(Illuminate\\Database\\Schema\\Blueprint))
#7 C:\\xampp\\htdocs\\Repositorio_Grupal\\PSiga_2823506\\CODIGO PROYECTO\\BACKEND\\vendor\\laravel\\framework\\src\\Illuminate\\Support\\Facades\\Facade.php(361): Illuminate\\Database\\Schema\\Builder->table('usuarios', Object(Closure))
#8 C:\\xampp\\htdocs\\Repositorio_Grupal\\PSiga_2823506\\CODIGO PROYECTO\\BACKEND\\database\\migrations\\2025_04_04_052100_rename_contraseña_to_password_in_usuarios_table.php(11): Illuminate\\Support\\Facades\\Facade::__callStatic('table', Array)
#9 C:\\xampp\\htdocs\\Repositorio_Grupal\\PSiga_2823506\\CODIGO PROYECTO\\BACKEND\\vendor\\laravel\\framework\\src\\Illuminate\\Database\\Migrations\\Migrator.php(514): RenameContraseñaToPasswordInUsuariosTable->up()
#10 C:\\xampp\\htdocs\\Repositorio_Grupal\\PSiga_2823506\\CODIGO PROYECTO\\BACKEND\\vendor\\laravel\\framework\\src\\Illuminate\\Database\\Migrations\\Migrator.php(439): Illuminate\\Database\\Migrations\\Migrator->runMethod(Object(Illuminate\\Database\\MySqlConnection), Object(RenameContraseñaToPasswordInUsuariosTable), 'up')
#11 C:\\xampp\\htdocs\\Repositorio_Grupal\\PSiga_2823506\\CODIGO PROYECTO\\BACKEND\\vendor\\laravel\\framework\\src\\Illuminate\\Database\\Migrations\\Migrator.php(448): Illuminate\\Database\\Migrations\\Migrator->Illuminate\\Database\\Migrations\\{closure}()
#12 C:\\xampp\\htdocs\\Repositorio_Grupal\\PSiga_2823506\\CODIGO PROYECTO\\BACKEND\\vendor\\laravel\\framework\\src\\Illuminate\\Database\\Migrations\\Migrator.php(250): Illuminate\\Database\\Migrations\\Migrator->runMigration(Object(RenameContraseñaToPasswordInUsuariosTable), 'up')
#13 C:\\xampp\\htdocs\\Repositorio_Grupal\\PSiga_2823506\\CODIGO PROYECTO\\BACKEND\\vendor\\laravel\\framework\\src\\Illuminate\\Console\\View\\Components\\Task.php(41): Illuminate\\Database\\Migrations\\Migrator->Illuminate\\Database\\Migrations\\{closure}()
#14 C:\\xampp\\htdocs\\Repositorio_Grupal\\PSiga_2823506\\CODIGO PROYECTO\\BACKEND\\vendor\\laravel\\framework\\src\\Illuminate\\Database\\Migrations\\Migrator.php(805): Illuminate\\Console\\View\\Components\\Task->render('2025_04_04_0521...', Object(Closure))
#15 C:\\xampp\\htdocs\\Repositorio_Grupal\\PSiga_2823506\\CODIGO PROYECTO\\BACKEND\\vendor\\laravel\\framework\\src\\Illuminate\\Database\\Migrations\\Migrator.php(250): Illuminate\\Database\\Migrations\\Migrator->write('Illuminate\\\\Cons...', '2025_04_04_0521...', Object(Closure))
#16 C:\\xampp\\htdocs\\Repositorio_Grupal\\PSiga_2823506\\CODIGO PROYECTO\\BACKEND\\vendor\\laravel\\framework\\src\\Illuminate\\Database\\Migrations\\Migrator.php(210): Illuminate\\Database\\Migrations\\Migrator->runUp('C:\\\\xampp\\\\htdocs...', 1, false)
#17 C:\\xampp\\htdocs\\Repositorio_Grupal\\PSiga_2823506\\CODIGO PROYECTO\\BACKEND\\vendor\\laravel\\framework\\src\\Illuminate\\Database\\Migrations\\Migrator.php(137): Illuminate\\Database\\Migrations\\Migrator->runPending(Array, Array)
#18 C:\\xampp\\htdocs\\Repositorio_Grupal\\PSiga_2823506\\CODIGO PROYECTO\\BACKEND\\vendor\\laravel\\framework\\src\\Illuminate\\Database\\Console\\Migrations\\MigrateCommand.php(116): Illuminate\\Database\\Migrations\\Migrator->run(Array, Array)
#19 C:\\xampp\\htdocs\\Repositorio_Grupal\\PSiga_2823506\\CODIGO PROYECTO\\BACKEND\\vendor\\laravel\\framework\\src\\Illuminate\\Database\\Migrations\\Migrator.php(665): Illuminate\\Database\\Console\\Migrations\\MigrateCommand->Illuminate\\Database\\Console\\Migrations\\{closure}()
#20 C:\\xampp\\htdocs\\Repositorio_Grupal\\PSiga_2823506\\CODIGO PROYECTO\\BACKEND\\vendor\\laravel\\framework\\src\\Illuminate\\Database\\Console\\Migrations\\MigrateCommand.php(109): Illuminate\\Database\\Migrations\\Migrator->usingConnection(NULL, Object(Closure))
#21 C:\\xampp\\htdocs\\Repositorio_Grupal\\PSiga_2823506\\CODIGO PROYECTO\\BACKEND\\vendor\\laravel\\framework\\src\\Illuminate\\Database\\Console\\Migrations\\MigrateCommand.php(88): Illuminate\\Database\\Console\\Migrations\\MigrateCommand->runMigrations()
#22 C:\\xampp\\htdocs\\Repositorio_Grupal\\PSiga_2823506\\CODIGO PROYECTO\\BACKEND\\vendor\\laravel\\framework\\src\\Illuminate\\Container\\BoundMethod.php(36): Illuminate\\Database\\Console\\Migrations\\MigrateCommand->handle()
#23 C:\\xampp\\htdocs\\Repositorio_Grupal\\PSiga_2823506\\CODIGO PROYECTO\\BACKEND\\vendor\\laravel\\framework\\src\\Illuminate\\Container\\Util.php(43): Illuminate\\Container\\BoundMethod::Illuminate\\Container\\{closure}()
#24 C:\\xampp\\htdocs\\Repositorio_Grupal\\PSiga_2823506\\CODIGO PROYECTO\\BACKEND\\vendor\\laravel\\framework\\src\\Illuminate\\Container\\BoundMethod.php(96): Illuminate\\Container\\Util::unwrapIfClosure(Object(Closure))
#25 C:\\xampp\\htdocs\\Repositorio_Grupal\\PSiga_2823506\\CODIGO PROYECTO\\BACKEND\\vendor\\laravel\\framework\\src\\Illuminate\\Container\\BoundMethod.php(35): Illuminate\\Container\\BoundMethod::callBoundMethod(Object(Illuminate\\Foundation\\Application), Array, Object(Closure))
#26 C:\\xampp\\htdocs\\Repositorio_Grupal\\PSiga_2823506\\CODIGO PROYECTO\\BACKEND\\vendor\\laravel\\framework\\src\\Illuminate\\Container\\Container.php(754): Illuminate\\Container\\BoundMethod::call(Object(Illuminate\\Foundation\\Application), Array, Array, NULL)
#27 C:\\xampp\\htdocs\\Repositorio_Grupal\\PSiga_2823506\\CODIGO PROYECTO\\BACKEND\\vendor\\laravel\\framework\\src\\Illuminate\\Console\\Command.php(211): Illuminate\\Container\\Container->call(Array)
#28 C:\\xampp\\htdocs\\Repositorio_Grupal\\PSiga_2823506\\CODIGO PROYECTO\\BACKEND\\vendor\\symfony\\console\\Command\\Command.php(279): Illuminate\\Console\\Command->execute(Object(Symfony\\Component\\Console\\Input\\ArrayInput), Object(Illuminate\\Console\\OutputStyle))
#29 C:\\xampp\\htdocs\\Repositorio_Grupal\\PSiga_2823506\\CODIGO PROYECTO\\BACKEND\\vendor\\laravel\\framework\\src\\Illuminate\\Console\\Command.php(180): Symfony\\Component\\Console\\Command\\Command->run(Object(Symfony\\Component\\Console\\Input\\ArrayInput), Object(Illuminate\\Console\\OutputStyle))
#30 C:\\xampp\\htdocs\\Repositorio_Grupal\\PSiga_2823506\\CODIGO PROYECTO\\BACKEND\\vendor\\laravel\\framework\\src\\Illuminate\\Console\\Concerns\\CallsCommands.php(68): Illuminate\\Console\\Command->run(Object(Symfony\\Component\\Console\\Input\\ArrayInput), Object(Illuminate\\Console\\OutputStyle))
#31 C:\\xampp\\htdocs\\Repositorio_Grupal\\PSiga_2823506\\CODIGO PROYECTO\\BACKEND\\vendor\\laravel\\framework\\src\\Illuminate\\Console\\Concerns\\CallsCommands.php(29): Illuminate\\Console\\Command->runCommand('migrate', Array, Object(Illuminate\\Console\\OutputStyle))
#32 C:\\xampp\\htdocs\\Repositorio_Grupal\\PSiga_2823506\\CODIGO PROYECTO\\BACKEND\\vendor\\laravel\\framework\\src\\Illuminate\\Database\\Console\\Migrations\\FreshCommand.php(81): Illuminate\\Console\\Command->call('migrate', Array)
#33 C:\\xampp\\htdocs\\Repositorio_Grupal\\PSiga_2823506\\CODIGO PROYECTO\\BACKEND\\vendor\\laravel\\framework\\src\\Illuminate\\Container\\BoundMethod.php(36): Illuminate\\Database\\Console\\Migrations\\FreshCommand->handle()
#34 C:\\xampp\\htdocs\\Repositorio_Grupal\\PSiga_2823506\\CODIGO PROYECTO\\BACKEND\\vendor\\laravel\\framework\\src\\Illuminate\\Container\\Util.php(43): Illuminate\\Container\\BoundMethod::Illuminate\\Container\\{closure}()
#35 C:\\xampp\\htdocs\\Repositorio_Grupal\\PSiga_2823506\\CODIGO PROYECTO\\BACKEND\\vendor\\laravel\\framework\\src\\Illuminate\\Container\\BoundMethod.php(96): Illuminate\\Container\\Util::unwrapIfClosure(Object(Closure))
#36 C:\\xampp\\htdocs\\Repositorio_Grupal\\PSiga_2823506\\CODIGO PROYECTO\\BACKEND\\vendor\\laravel\\framework\\src\\Illuminate\\Container\\BoundMethod.php(35): Illuminate\\Container\\BoundMethod::callBoundMethod(Object(Illuminate\\Foundation\\Application), Array, Object(Closure))
#37 C:\\xampp\\htdocs\\Repositorio_Grupal\\PSiga_2823506\\CODIGO PROYECTO\\BACKEND\\vendor\\laravel\\framework\\src\\Illuminate\\Container\\Container.php(754): Illuminate\\Container\\BoundMethod::call(Object(Illuminate\\Foundation\\Application), Array, Array, NULL)
#38 C:\\xampp\\htdocs\\Repositorio_Grupal\\PSiga_2823506\\CODIGO PROYECTO\\BACKEND\\vendor\\laravel\\framework\\src\\Illuminate\\Console\\Command.php(211): Illuminate\\Container\\Container->call(Array)
#39 C:\\xampp\\htdocs\\Repositorio_Grupal\\PSiga_2823506\\CODIGO PROYECTO\\BACKEND\\vendor\\symfony\\console\\Command\\Command.php(279): Illuminate\\Console\\Command->execute(Object(Symfony\\Component\\Console\\Input\\ArgvInput), Object(Illuminate\\Console\\OutputStyle))
#40 C:\\xampp\\htdocs\\Repositorio_Grupal\\PSiga_2823506\\CODIGO PROYECTO\\BACKEND\\vendor\\laravel\\framework\\src\\Illuminate\\Console\\Command.php(180): Symfony\\Component\\Console\\Command\\Command->run(Object(Symfony\\Component\\Console\\Input\\ArgvInput), Object(Illuminate\\Console\\OutputStyle))
#41 C:\\xampp\\htdocs\\Repositorio_Grupal\\PSiga_2823506\\CODIGO PROYECTO\\BACKEND\\vendor\\symfony\\console\\Application.php(1094): Illuminate\\Console\\Command->run(Object(Symfony\\Component\\Console\\Input\\ArgvInput), Object(Symfony\\Component\\Console\\Output\\ConsoleOutput))
#42 C:\\xampp\\htdocs\\Repositorio_Grupal\\PSiga_2823506\\CODIGO PROYECTO\\BACKEND\\vendor\\symfony\\console\\Application.php(342): Symfony\\Component\\Console\\Application->doRunCommand(Object(Illuminate\\Database\\Console\\Migrations\\FreshCommand), Object(Symfony\\Component\\Console\\Input\\ArgvInput), Object(Symfony\\Component\\Console\\Output\\ConsoleOutput))
#43 C:\\xampp\\htdocs\\Repositorio_Grupal\\PSiga_2823506\\CODIGO PROYECTO\\BACKEND\\vendor\\symfony\\console\\Application.php(193): Symfony\\Component\\Console\\Application->doRun(Object(Symfony\\Component\\Console\\Input\\ArgvInput), Object(Symfony\\Component\\Console\\Output\\ConsoleOutput))
#44 C:\\xampp\\htdocs\\Repositorio_Grupal\\PSiga_2823506\\CODIGO PROYECTO\\BACKEND\\vendor\\laravel\\framework\\src\\Illuminate\\Foundation\\Console\\Kernel.php(197): Symfony\\Component\\Console\\Application->run(Object(Symfony\\Component\\Console\\Input\\ArgvInput), Object(Symfony\\Component\\Console\\Output\\ConsoleOutput))
#45 C:\\xampp\\htdocs\\Repositorio_Grupal\\PSiga_2823506\\CODIGO PROYECTO\\BACKEND\\vendor\\laravel\\framework\\src\\Illuminate\\Foundation\\Application.php(1234): Illuminate\\Foundation\\Console\\Kernel->handle(Object(Symfony\\Component\\Console\\Input\\ArgvInput), Object(Symfony\\Component\\Console\\Output\\ConsoleOutput))
#46 C:\\xampp\\htdocs\\Repositorio_Grupal\\PSiga_2823506\\CODIGO PROYECTO\\BACKEND\\artisan(16): Illuminate\\Foundation\\Application->handleCommand(Object(Symfony\\Component\\Console\\Input\\ArgvInput))
#47 {main}
"} 
[2025-05-12 14:59:29] local.ERROR: Trying to access array offset on value of type null {"exception":"[object] (ErrorException(code: 0): Trying to access array offset on value of type null at C:\\xampp\\htdocs\\Repositorio_Grupal\\PSiga_2823506\\CODIGO PROYECTO\\BACKEND\\vendor\\laravel\\framework\\src\\Illuminate\\Database\\Schema\\Grammars\\MySqlGrammar.php:366)
[stacktrace]
#0 C:\\xampp\\htdocs\\Repositorio_Grupal\\PSiga_2823506\\CODIGO PROYECTO\\BACKEND\\vendor\\laravel\\framework\\src\\Illuminate\\Foundation\\Bootstrap\\HandleExceptions.php(256): Illuminate\\Foundation\\Bootstrap\\HandleExceptions->handleError(2, 'Trying to acces...', 'C:\\\\xampp\\\\htdocs...', 366)
#1 C:\\xampp\\htdocs\\Repositorio_Grupal\\PSiga_2823506\\CODIGO PROYECTO\\BACKEND\\vendor\\laravel\\framework\\src\\Illuminate\\Database\\Schema\\Grammars\\MySqlGrammar.php(366): Illuminate\\Foundation\\Bootstrap\\HandleExceptions->Illuminate\\Foundation\\Bootstrap\\{closure}(2, 'Trying to acces...', 'C:\\\\xampp\\\\htdocs...', 366)
#2 C:\\xampp\\htdocs\\Repositorio_Grupal\\PSiga_2823506\\CODIGO PROYECTO\\BACKEND\\vendor\\laravel\\framework\\src\\Illuminate\\Database\\Schema\\Grammars\\MySqlGrammar.php(348): Illuminate\\Database\\Schema\\Grammars\\MySqlGrammar->compileLegacyRenameColumn(Object(Illuminate\\Database\\Schema\\Blueprint), Object(Illuminate\\Support\\Fluent))
#3 C:\\xampp\\htdocs\\Repositorio_Grupal\\PSiga_2823506\\CODIGO PROYECTO\\BACKEND\\vendor\\laravel\\framework\\src\\Illuminate\\Database\\Schema\\Blueprint.php(151): Illuminate\\Database\\Schema\\Grammars\\MySqlGrammar->compileRenameColumn(Object(Illuminate\\Database\\Schema\\Blueprint), Object(Illuminate\\Support\\Fluent))
#4 C:\\xampp\\htdocs\\Repositorio_Grupal\\PSiga_2823506\\CODIGO PROYECTO\\BACKEND\\vendor\\laravel\\framework\\src\\Illuminate\\Database\\Schema\\Blueprint.php(118): Illuminate\\Database\\Schema\\Blueprint->toSql()
#5 C:\\xampp\\htdocs\\Repositorio_Grupal\\PSiga_2823506\\CODIGO PROYECTO\\BACKEND\\vendor\\laravel\\framework\\src\\Illuminate\\Database\\Schema\\Builder.php(618): Illuminate\\Database\\Schema\\Blueprint->build()
#6 C:\\xampp\\htdocs\\Repositorio_Grupal\\PSiga_2823506\\CODIGO PROYECTO\\BACKEND\\vendor\\laravel\\framework\\src\\Illuminate\\Database\\Schema\\Builder.php(460): Illuminate\\Database\\Schema\\Builder->build(Object(Illuminate\\Database\\Schema\\Blueprint))
#7 C:\\xampp\\htdocs\\Repositorio_Grupal\\PSiga_2823506\\CODIGO PROYECTO\\BACKEND\\vendor\\laravel\\framework\\src\\Illuminate\\Support\\Facades\\Facade.php(361): Illuminate\\Database\\Schema\\Builder->table('usuarios', Object(Closure))
#8 C:\\xampp\\htdocs\\Repositorio_Grupal\\PSiga_2823506\\CODIGO PROYECTO\\BACKEND\\database\\migrations\\2025_04_04_052100_rename_contraseña_to_password_in_usuarios_table.php(11): Illuminate\\Support\\Facades\\Facade::__callStatic('table', Array)
#9 C:\\xampp\\htdocs\\Repositorio_Grupal\\PSiga_2823506\\CODIGO PROYECTO\\BACKEND\\vendor\\laravel\\framework\\src\\Illuminate\\Database\\Migrations\\Migrator.php(514): RenameContraseñaToPasswordInUsuariosTable->up()
#10 C:\\xampp\\htdocs\\Repositorio_Grupal\\PSiga_2823506\\CODIGO PROYECTO\\BACKEND\\vendor\\laravel\\framework\\src\\Illuminate\\Database\\Migrations\\Migrator.php(439): Illuminate\\Database\\Migrations\\Migrator->runMethod(Object(Illuminate\\Database\\MySqlConnection), Object(RenameContraseñaToPasswordInUsuariosTable), 'up')
#11 C:\\xampp\\htdocs\\Repositorio_Grupal\\PSiga_2823506\\CODIGO PROYECTO\\BACKEND\\vendor\\laravel\\framework\\src\\Illuminate\\Database\\Migrations\\Migrator.php(448): Illuminate\\Database\\Migrations\\Migrator->Illuminate\\Database\\Migrations\\{closure}()
#12 C:\\xampp\\htdocs\\Repositorio_Grupal\\PSiga_2823506\\CODIGO PROYECTO\\BACKEND\\vendor\\laravel\\framework\\src\\Illuminate\\Database\\Migrations\\Migrator.php(250): Illuminate\\Database\\Migrations\\Migrator->runMigration(Object(RenameContraseñaToPasswordInUsuariosTable), 'up')
#13 C:\\xampp\\htdocs\\Repositorio_Grupal\\PSiga_2823506\\CODIGO PROYECTO\\BACKEND\\vendor\\laravel\\framework\\src\\Illuminate\\Console\\View\\Components\\Task.php(41): Illuminate\\Database\\Migrations\\Migrator->Illuminate\\Database\\Migrations\\{closure}()
#14 C:\\xampp\\htdocs\\Repositorio_Grupal\\PSiga_2823506\\CODIGO PROYECTO\\BACKEND\\vendor\\laravel\\framework\\src\\Illuminate\\Database\\Migrations\\Migrator.php(805): Illuminate\\Console\\View\\Components\\Task->render('2025_04_04_0521...', Object(Closure))
#15 C:\\xampp\\htdocs\\Repositorio_Grupal\\PSiga_2823506\\CODIGO PROYECTO\\BACKEND\\vendor\\laravel\\framework\\src\\Illuminate\\Database\\Migrations\\Migrator.php(250): Illuminate\\Database\\Migrations\\Migrator->write('Illuminate\\\\Cons...', '2025_04_04_0521...', Object(Closure))
#16 C:\\xampp\\htdocs\\Repositorio_Grupal\\PSiga_2823506\\CODIGO PROYECTO\\BACKEND\\vendor\\laravel\\framework\\src\\Illuminate\\Database\\Migrations\\Migrator.php(210): Illuminate\\Database\\Migrations\\Migrator->runUp('C:\\\\xampp\\\\htdocs...', 1, false)
#17 C:\\xampp\\htdocs\\Repositorio_Grupal\\PSiga_2823506\\CODIGO PROYECTO\\BACKEND\\vendor\\laravel\\framework\\src\\Illuminate\\Database\\Migrations\\Migrator.php(137): Illuminate\\Database\\Migrations\\Migrator->runPending(Array, Array)
#18 C:\\xampp\\htdocs\\Repositorio_Grupal\\PSiga_2823506\\CODIGO PROYECTO\\BACKEND\\vendor\\laravel\\framework\\src\\Illuminate\\Database\\Console\\Migrations\\MigrateCommand.php(116): Illuminate\\Database\\Migrations\\Migrator->run(Array, Array)
#19 C:\\xampp\\htdocs\\Repositorio_Grupal\\PSiga_2823506\\CODIGO PROYECTO\\BACKEND\\vendor\\laravel\\framework\\src\\Illuminate\\Database\\Migrations\\Migrator.php(665): Illuminate\\Database\\Console\\Migrations\\MigrateCommand->Illuminate\\Database\\Console\\Migrations\\{closure}()
#20 C:\\xampp\\htdocs\\Repositorio_Grupal\\PSiga_2823506\\CODIGO PROYECTO\\BACKEND\\vendor\\laravel\\framework\\src\\Illuminate\\Database\\Console\\Migrations\\MigrateCommand.php(109): Illuminate\\Database\\Migrations\\Migrator->usingConnection(NULL, Object(Closure))
#21 C:\\xampp\\htdocs\\Repositorio_Grupal\\PSiga_2823506\\CODIGO PROYECTO\\BACKEND\\vendor\\laravel\\framework\\src\\Illuminate\\Database\\Console\\Migrations\\MigrateCommand.php(88): Illuminate\\Database\\Console\\Migrations\\MigrateCommand->runMigrations()
#22 C:\\xampp\\htdocs\\Repositorio_Grupal\\PSiga_2823506\\CODIGO PROYECTO\\BACKEND\\vendor\\laravel\\framework\\src\\Illuminate\\Container\\BoundMethod.php(36): Illuminate\\Database\\Console\\Migrations\\MigrateCommand->handle()
#23 C:\\xampp\\htdocs\\Repositorio_Grupal\\PSiga_2823506\\CODIGO PROYECTO\\BACKEND\\vendor\\laravel\\framework\\src\\Illuminate\\Container\\Util.php(43): Illuminate\\Container\\BoundMethod::Illuminate\\Container\\{closure}()
#24 C:\\xampp\\htdocs\\Repositorio_Grupal\\PSiga_2823506\\CODIGO PROYECTO\\BACKEND\\vendor\\laravel\\framework\\src\\Illuminate\\Container\\BoundMethod.php(96): Illuminate\\Container\\Util::unwrapIfClosure(Object(Closure))
#25 C:\\xampp\\htdocs\\Repositorio_Grupal\\PSiga_2823506\\CODIGO PROYECTO\\BACKEND\\vendor\\laravel\\framework\\src\\Illuminate\\Container\\BoundMethod.php(35): Illuminate\\Container\\BoundMethod::callBoundMethod(Object(Illuminate\\Foundation\\Application), Array, Object(Closure))
#26 C:\\xampp\\htdocs\\Repositorio_Grupal\\PSiga_2823506\\CODIGO PROYECTO\\BACKEND\\vendor\\laravel\\framework\\src\\Illuminate\\Container\\Container.php(754): Illuminate\\Container\\BoundMethod::call(Object(Illuminate\\Foundation\\Application), Array, Array, NULL)
#27 C:\\xampp\\htdocs\\Repositorio_Grupal\\PSiga_2823506\\CODIGO PROYECTO\\BACKEND\\vendor\\laravel\\framework\\src\\Illuminate\\Console\\Command.php(211): Illuminate\\Container\\Container->call(Array)
#28 C:\\xampp\\htdocs\\Repositorio_Grupal\\PSiga_2823506\\CODIGO PROYECTO\\BACKEND\\vendor\\symfony\\console\\Command\\Command.php(279): Illuminate\\Console\\Command->execute(Object(Symfony\\Component\\Console\\Input\\ArrayInput), Object(Illuminate\\Console\\OutputStyle))
#29 C:\\xampp\\htdocs\\Repositorio_Grupal\\PSiga_2823506\\CODIGO PROYECTO\\BACKEND\\vendor\\laravel\\framework\\src\\Illuminate\\Console\\Command.php(180): Symfony\\Component\\Console\\Command\\Command->run(Object(Symfony\\Component\\Console\\Input\\ArrayInput), Object(Illuminate\\Console\\OutputStyle))
#30 C:\\xampp\\htdocs\\Repositorio_Grupal\\PSiga_2823506\\CODIGO PROYECTO\\BACKEND\\vendor\\laravel\\framework\\src\\Illuminate\\Console\\Concerns\\CallsCommands.php(68): Illuminate\\Console\\Command->run(Object(Symfony\\Component\\Console\\Input\\ArrayInput), Object(Illuminate\\Console\\OutputStyle))
#31 C:\\xampp\\htdocs\\Repositorio_Grupal\\PSiga_2823506\\CODIGO PROYECTO\\BACKEND\\vendor\\laravel\\framework\\src\\Illuminate\\Console\\Concerns\\CallsCommands.php(29): Illuminate\\Console\\Command->runCommand('migrate', Array, Object(Illuminate\\Console\\OutputStyle))
#32 C:\\xampp\\htdocs\\Repositorio_Grupal\\PSiga_2823506\\CODIGO PROYECTO\\BACKEND\\vendor\\laravel\\framework\\src\\Illuminate\\Database\\Console\\Migrations\\RefreshCommand.php(65): Illuminate\\Console\\Command->call('migrate', Array)
#33 C:\\xampp\\htdocs\\Repositorio_Grupal\\PSiga_2823506\\CODIGO PROYECTO\\BACKEND\\vendor\\laravel\\framework\\src\\Illuminate\\Container\\BoundMethod.php(36): Illuminate\\Database\\Console\\Migrations\\RefreshCommand->handle()
#34 C:\\xampp\\htdocs\\Repositorio_Grupal\\PSiga_2823506\\CODIGO PROYECTO\\BACKEND\\vendor\\laravel\\framework\\src\\Illuminate\\Container\\Util.php(43): Illuminate\\Container\\BoundMethod::Illuminate\\Container\\{closure}()
#35 C:\\xampp\\htdocs\\Repositorio_Grupal\\PSiga_2823506\\CODIGO PROYECTO\\BACKEND\\vendor\\laravel\\framework\\src\\Illuminate\\Container\\BoundMethod.php(96): Illuminate\\Container\\Util::unwrapIfClosure(Object(Closure))
#36 C:\\xampp\\htdocs\\Repositorio_Grupal\\PSiga_2823506\\CODIGO PROYECTO\\BACKEND\\vendor\\laravel\\framework\\src\\Illuminate\\Container\\BoundMethod.php(35): Illuminate\\Container\\BoundMethod::callBoundMethod(Object(Illuminate\\Foundation\\Application), Array, Object(Closure))
#37 C:\\xampp\\htdocs\\Repositorio_Grupal\\PSiga_2823506\\CODIGO PROYECTO\\BACKEND\\vendor\\laravel\\framework\\src\\Illuminate\\Container\\Container.php(754): Illuminate\\Container\\BoundMethod::call(Object(Illuminate\\Foundation\\Application), Array, Array, NULL)
#38 C:\\xampp\\htdocs\\Repositorio_Grupal\\PSiga_2823506\\CODIGO PROYECTO\\BACKEND\\vendor\\laravel\\framework\\src\\Illuminate\\Console\\Command.php(211): Illuminate\\Container\\Container->call(Array)
#39 C:\\xampp\\htdocs\\Repositorio_Grupal\\PSiga_2823506\\CODIGO PROYECTO\\BACKEND\\vendor\\symfony\\console\\Command\\Command.php(279): Illuminate\\Console\\Command->execute(Object(Symfony\\Component\\Console\\Input\\ArgvInput), Object(Illuminate\\Console\\OutputStyle))
#40 C:\\xampp\\htdocs\\Repositorio_Grupal\\PSiga_2823506\\CODIGO PROYECTO\\BACKEND\\vendor\\laravel\\framework\\src\\Illuminate\\Console\\Command.php(180): Symfony\\Component\\Console\\Command\\Command->run(Object(Symfony\\Component\\Console\\Input\\ArgvInput), Object(Illuminate\\Console\\OutputStyle))
#41 C:\\xampp\\htdocs\\Repositorio_Grupal\\PSiga_2823506\\CODIGO PROYECTO\\BACKEND\\vendor\\symfony\\console\\Application.php(1094): Illuminate\\Console\\Command->run(Object(Symfony\\Component\\Console\\Input\\ArgvInput), Object(Symfony\\Component\\Console\\Output\\ConsoleOutput))
#42 C:\\xampp\\htdocs\\Repositorio_Grupal\\PSiga_2823506\\CODIGO PROYECTO\\BACKEND\\vendor\\symfony\\console\\Application.php(342): Symfony\\Component\\Console\\Application->doRunCommand(Object(Illuminate\\Database\\Console\\Migrations\\RefreshCommand), Object(Symfony\\Component\\Console\\Input\\ArgvInput), Object(Symfony\\Component\\Console\\Output\\ConsoleOutput))
#43 C:\\xampp\\htdocs\\Repositorio_Grupal\\PSiga_2823506\\CODIGO PROYECTO\\BACKEND\\vendor\\symfony\\console\\Application.php(193): Symfony\\Component\\Console\\Application->doRun(Object(Symfony\\Component\\Console\\Input\\ArgvInput), Object(Symfony\\Component\\Console\\Output\\ConsoleOutput))
#44 C:\\xampp\\htdocs\\Repositorio_Grupal\\PSiga_2823506\\CODIGO PROYECTO\\BACKEND\\vendor\\laravel\\framework\\src\\Illuminate\\Foundation\\Console\\Kernel.php(197): Symfony\\Component\\Console\\Application->run(Object(Symfony\\Component\\Console\\Input\\ArgvInput), Object(Symfony\\Component\\Console\\Output\\ConsoleOutput))
#45 C:\\xampp\\htdocs\\Repositorio_Grupal\\PSiga_2823506\\CODIGO PROYECTO\\BACKEND\\vendor\\laravel\\framework\\src\\Illuminate\\Foundation\\Application.php(1234): Illuminate\\Foundation\\Console\\Kernel->handle(Object(Symfony\\Component\\Console\\Input\\ArgvInput), Object(Symfony\\Component\\Console\\Output\\ConsoleOutput))
#46 C:\\xampp\\htdocs\\Repositorio_Grupal\\PSiga_2823506\\CODIGO PROYECTO\\BACKEND\\artisan(16): Illuminate\\Foundation\\Application->handleCommand(Object(Symfony\\Component\\Console\\Input\\ArgvInput))
#47 {main}
"} 
[2025-05-12 15:00:55] local.ERROR: SQLSTATE[HY000]: General error: 1005 Can't create table `siga`.`asistencias` (errno: 150 "Foreign key constraint is incorrectly formed") (Connection: mysql, SQL: alter table `asistencias` add constraint `asistencias_clase_id_foreign` foreign key (`clase_id`) references `clases` (`id`)) {"exception":"[object] (Illuminate\\Database\\QueryException(code: HY000): SQLSTATE[HY000]: General error: 1005 Can't create table `siga`.`asistencias` (errno: 150 \"Foreign key constraint is incorrectly formed\") (Connection: mysql, SQL: alter table `asistencias` add constraint `asistencias_clase_id_foreign` foreign key (`clase_id`) references `clases` (`id`)) at C:\\xampp\\htdocs\\Repositorio_Grupal\\PSiga_2823506\\CODIGO PROYECTO\\BACKEND\\vendor\\laravel\\framework\\src\\Illuminate\\Database\\Connection.php:822)
[stacktrace]
#0 C:\\xampp\\htdocs\\Repositorio_Grupal\\PSiga_2823506\\CODIGO PROYECTO\\BACKEND\\vendor\\laravel\\framework\\src\\Illuminate\\Database\\Connection.php(776): Illuminate\\Database\\Connection->runQueryCallback('alter table `as...', Array, Object(Closure))
#1 C:\\xampp\\htdocs\\Repositorio_Grupal\\PSiga_2823506\\CODIGO PROYECTO\\BACKEND\\vendor\\laravel\\framework\\src\\Illuminate\\Database\\Connection.php(557): Illuminate\\Database\\Connection->run('alter table `as...', Array, Object(Closure))
#2 C:\\xampp\\htdocs\\Repositorio_Grupal\\PSiga_2823506\\CODIGO PROYECTO\\BACKEND\\vendor\\laravel\\framework\\src\\Illuminate\\Database\\Schema\\Blueprint.php(119): Illuminate\\Database\\Connection->statement('alter table `as...')
#3 C:\\xampp\\htdocs\\Repositorio_Grupal\\PSiga_2823506\\CODIGO PROYECTO\\BACKEND\\vendor\\laravel\\framework\\src\\Illuminate\\Database\\Schema\\Builder.php(618): Illuminate\\Database\\Schema\\Blueprint->build()
#4 C:\\xampp\\htdocs\\Repositorio_Grupal\\PSiga_2823506\\CODIGO PROYECTO\\BACKEND\\vendor\\laravel\\framework\\src\\Illuminate\\Database\\Schema\\Builder.php(472): Illuminate\\Database\\Schema\\Builder->build(Object(Illuminate\\Database\\Schema\\Blueprint))
#5 C:\\xampp\\htdocs\\Repositorio_Grupal\\PSiga_2823506\\CODIGO PROYECTO\\BACKEND\\vendor\\laravel\\framework\\src\\Illuminate\\Support\\Facades\\Facade.php(361): Illuminate\\Database\\Schema\\Builder->create('asistencias', Object(Closure))
#6 C:\\xampp\\htdocs\\Repositorio_Grupal\\PSiga_2823506\\CODIGO PROYECTO\\BACKEND\\database\\migrations\\2025_05_12_135207_create_asistencias_table.php(14): Illuminate\\Support\\Facades\\Facade::__callStatic('create', Array)
#7 C:\\xampp\\htdocs\\Repositorio_Grupal\\PSiga_2823506\\CODIGO PROYECTO\\BACKEND\\vendor\\laravel\\framework\\src\\Illuminate\\Database\\Migrations\\Migrator.php(514): Illuminate\\Database\\Migrations\\Migration@anonymous->up()
#8 C:\\xampp\\htdocs\\Repositorio_Grupal\\PSiga_2823506\\CODIGO PROYECTO\\BACKEND\\vendor\\laravel\\framework\\src\\Illuminate\\Database\\Migrations\\Migrator.php(439): Illuminate\\Database\\Migrations\\Migrator->runMethod(Object(Illuminate\\Database\\MySqlConnection), Object(Illuminate\\Database\\Migrations\\Migration@anonymous), 'up')
#9 C:\\xampp\\htdocs\\Repositorio_Grupal\\PSiga_2823506\\CODIGO PROYECTO\\BACKEND\\vendor\\laravel\\framework\\src\\Illuminate\\Database\\Migrations\\Migrator.php(448): Illuminate\\Database\\Migrations\\Migrator->Illuminate\\Database\\Migrations\\{closure}()
#10 C:\\xampp\\htdocs\\Repositorio_Grupal\\PSiga_2823506\\CODIGO PROYECTO\\BACKEND\\vendor\\laravel\\framework\\src\\Illuminate\\Database\\Migrations\\Migrator.php(250): Illuminate\\Database\\Migrations\\Migrator->runMigration(Object(Illuminate\\Database\\Migrations\\Migration@anonymous), 'up')
#11 C:\\xampp\\htdocs\\Repositorio_Grupal\\PSiga_2823506\\CODIGO PROYECTO\\BACKEND\\vendor\\laravel\\framework\\src\\Illuminate\\Console\\View\\Components\\Task.php(41): Illuminate\\Database\\Migrations\\Migrator->Illuminate\\Database\\Migrations\\{closure}()
#12 C:\\xampp\\htdocs\\Repositorio_Grupal\\PSiga_2823506\\CODIGO PROYECTO\\BACKEND\\vendor\\laravel\\framework\\src\\Illuminate\\Database\\Migrations\\Migrator.php(805): Illuminate\\Console\\View\\Components\\Task->render('2025_05_12_1352...', Object(Closure))
#13 C:\\xampp\\htdocs\\Repositorio_Grupal\\PSiga_2823506\\CODIGO PROYECTO\\BACKEND\\vendor\\laravel\\framework\\src\\Illuminate\\Database\\Migrations\\Migrator.php(250): Illuminate\\Database\\Migrations\\Migrator->write('Illuminate\\\\Cons...', '2025_05_12_1352...', Object(Closure))
#14 C:\\xampp\\htdocs\\Repositorio_Grupal\\PSiga_2823506\\CODIGO PROYECTO\\BACKEND\\vendor\\laravel\\framework\\src\\Illuminate\\Database\\Migrations\\Migrator.php(210): Illuminate\\Database\\Migrations\\Migrator->runUp('C:\\\\xampp\\\\htdocs...', 3, false)
#15 C:\\xampp\\htdocs\\Repositorio_Grupal\\PSiga_2823506\\CODIGO PROYECTO\\BACKEND\\vendor\\laravel\\framework\\src\\Illuminate\\Database\\Migrations\\Migrator.php(137): Illuminate\\Database\\Migrations\\Migrator->runPending(Array, Array)
#16 C:\\xampp\\htdocs\\Repositorio_Grupal\\PSiga_2823506\\CODIGO PROYECTO\\BACKEND\\vendor\\laravel\\framework\\src\\Illuminate\\Database\\Console\\Migrations\\MigrateCommand.php(116): Illuminate\\Database\\Migrations\\Migrator->run(Array, Array)
#17 C:\\xampp\\htdocs\\Repositorio_Grupal\\PSiga_2823506\\CODIGO PROYECTO\\BACKEND\\vendor\\laravel\\framework\\src\\Illuminate\\Database\\Migrations\\Migrator.php(665): Illuminate\\Database\\Console\\Migrations\\MigrateCommand->Illuminate\\Database\\Console\\Migrations\\{closure}()
#18 C:\\xampp\\htdocs\\Repositorio_Grupal\\PSiga_2823506\\CODIGO PROYECTO\\BACKEND\\vendor\\laravel\\framework\\src\\Illuminate\\Database\\Console\\Migrations\\MigrateCommand.php(109): Illuminate\\Database\\Migrations\\Migrator->usingConnection(NULL, Object(Closure))
#19 C:\\xampp\\htdocs\\Repositorio_Grupal\\PSiga_2823506\\CODIGO PROYECTO\\BACKEND\\vendor\\laravel\\framework\\src\\Illuminate\\Database\\Console\\Migrations\\MigrateCommand.php(88): Illuminate\\Database\\Console\\Migrations\\MigrateCommand->runMigrations()
#20 C:\\xampp\\htdocs\\Repositorio_Grupal\\PSiga_2823506\\CODIGO PROYECTO\\BACKEND\\vendor\\laravel\\framework\\src\\Illuminate\\Container\\BoundMethod.php(36): Illuminate\\Database\\Console\\Migrations\\MigrateCommand->handle()
#21 C:\\xampp\\htdocs\\Repositorio_Grupal\\PSiga_2823506\\CODIGO PROYECTO\\BACKEND\\vendor\\laravel\\framework\\src\\Illuminate\\Container\\Util.php(43): Illuminate\\Container\\BoundMethod::Illuminate\\Container\\{closure}()
#22 C:\\xampp\\htdocs\\Repositorio_Grupal\\PSiga_2823506\\CODIGO PROYECTO\\BACKEND\\vendor\\laravel\\framework\\src\\Illuminate\\Container\\BoundMethod.php(96): Illuminate\\Container\\Util::unwrapIfClosure(Object(Closure))
#23 C:\\xampp\\htdocs\\Repositorio_Grupal\\PSiga_2823506\\CODIGO PROYECTO\\BACKEND\\vendor\\laravel\\framework\\src\\Illuminate\\Container\\BoundMethod.php(35): Illuminate\\Container\\BoundMethod::callBoundMethod(Object(Illuminate\\Foundation\\Application), Array, Object(Closure))
#24 C:\\xampp\\htdocs\\Repositorio_Grupal\\PSiga_2823506\\CODIGO PROYECTO\\BACKEND\\vendor\\laravel\\framework\\src\\Illuminate\\Container\\Container.php(754): Illuminate\\Container\\BoundMethod::call(Object(Illuminate\\Foundation\\Application), Array, Array, NULL)
#25 C:\\xampp\\htdocs\\Repositorio_Grupal\\PSiga_2823506\\CODIGO PROYECTO\\BACKEND\\vendor\\laravel\\framework\\src\\Illuminate\\Console\\Command.php(211): Illuminate\\Container\\Container->call(Array)
#26 C:\\xampp\\htdocs\\Repositorio_Grupal\\PSiga_2823506\\CODIGO PROYECTO\\BACKEND\\vendor\\symfony\\console\\Command\\Command.php(279): Illuminate\\Console\\Command->execute(Object(Symfony\\Component\\Console\\Input\\ArgvInput), Object(Illuminate\\Console\\OutputStyle))
#27 C:\\xampp\\htdocs\\Repositorio_Grupal\\PSiga_2823506\\CODIGO PROYECTO\\BACKEND\\vendor\\laravel\\framework\\src\\Illuminate\\Console\\Command.php(180): Symfony\\Component\\Console\\Command\\Command->run(Object(Symfony\\Component\\Console\\Input\\ArgvInput), Object(Illuminate\\Console\\OutputStyle))
#28 C:\\xampp\\htdocs\\Repositorio_Grupal\\PSiga_2823506\\CODIGO PROYECTO\\BACKEND\\vendor\\symfony\\console\\Application.php(1094): Illuminate\\Console\\Command->run(Object(Symfony\\Component\\Console\\Input\\ArgvInput), Object(Symfony\\Component\\Console\\Output\\ConsoleOutput))
#29 C:\\xampp\\htdocs\\Repositorio_Grupal\\PSiga_2823506\\CODIGO PROYECTO\\BACKEND\\vendor\\symfony\\console\\Application.php(342): Symfony\\Component\\Console\\Application->doRunCommand(Object(Illuminate\\Database\\Console\\Migrations\\MigrateCommand), Object(Symfony\\Component\\Console\\Input\\ArgvInput), Object(Symfony\\Component\\Console\\Output\\ConsoleOutput))
#30 C:\\xampp\\htdocs\\Repositorio_Grupal\\PSiga_2823506\\CODIGO PROYECTO\\BACKEND\\vendor\\symfony\\console\\Application.php(193): Symfony\\Component\\Console\\Application->doRun(Object(Symfony\\Component\\Console\\Input\\ArgvInput), Object(Symfony\\Component\\Console\\Output\\ConsoleOutput))
#31 C:\\xampp\\htdocs\\Repositorio_Grupal\\PSiga_2823506\\CODIGO PROYECTO\\BACKEND\\vendor\\laravel\\framework\\src\\Illuminate\\Foundation\\Console\\Kernel.php(197): Symfony\\Component\\Console\\Application->run(Object(Symfony\\Component\\Console\\Input\\ArgvInput), Object(Symfony\\Component\\Console\\Output\\ConsoleOutput))
#32 C:\\xampp\\htdocs\\Repositorio_Grupal\\PSiga_2823506\\CODIGO PROYECTO\\BACKEND\\vendor\\laravel\\framework\\src\\Illuminate\\Foundation\\Application.php(1234): Illuminate\\Foundation\\Console\\Kernel->handle(Object(Symfony\\Component\\Console\\Input\\ArgvInput), Object(Symfony\\Component\\Console\\Output\\ConsoleOutput))
#33 C:\\xampp\\htdocs\\Repositorio_Grupal\\PSiga_2823506\\CODIGO PROYECTO\\BACKEND\\artisan(16): Illuminate\\Foundation\\Application->handleCommand(Object(Symfony\\Component\\Console\\Input\\ArgvInput))
#34 {main}

[previous exception] [object] (PDOException(code: HY000): SQLSTATE[HY000]: General error: 1005 Can't create table `siga`.`asistencias` (errno: 150 \"Foreign key constraint is incorrectly formed\") at C:\\xampp\\htdocs\\Repositorio_Grupal\\PSiga_2823506\\CODIGO PROYECTO\\BACKEND\\vendor\\laravel\\framework\\src\\Illuminate\\Database\\Connection.php:568)
[stacktrace]
#0 C:\\xampp\\htdocs\\Repositorio_Grupal\\PSiga_2823506\\CODIGO PROYECTO\\BACKEND\\vendor\\laravel\\framework\\src\\Illuminate\\Database\\Connection.php(568): PDOStatement->execute()
#1 C:\\xampp\\htdocs\\Repositorio_Grupal\\PSiga_2823506\\CODIGO PROYECTO\\BACKEND\\vendor\\laravel\\framework\\src\\Illuminate\\Database\\Connection.php(809): Illuminate\\Database\\Connection->Illuminate\\Database\\{closure}('alter table `as...', Array)
#2 C:\\xampp\\htdocs\\Repositorio_Grupal\\PSiga_2823506\\CODIGO PROYECTO\\BACKEND\\vendor\\laravel\\framework\\src\\Illuminate\\Database\\Connection.php(776): Illuminate\\Database\\Connection->runQueryCallback('alter table `as...', Array, Object(Closure))
#3 C:\\xampp\\htdocs\\Repositorio_Grupal\\PSiga_2823506\\CODIGO PROYECTO\\BACKEND\\vendor\\laravel\\framework\\src\\Illuminate\\Database\\Connection.php(557): Illuminate\\Database\\Connection->run('alter table `as...', Array, Object(Closure))
#4 C:\\xampp\\htdocs\\Repositorio_Grupal\\PSiga_2823506\\CODIGO PROYECTO\\BACKEND\\vendor\\laravel\\framework\\src\\Illuminate\\Database\\Schema\\Blueprint.php(119): Illuminate\\Database\\Connection->statement('alter table `as...')
#5 C:\\xampp\\htdocs\\Repositorio_Grupal\\PSiga_2823506\\CODIGO PROYECTO\\BACKEND\\vendor\\laravel\\framework\\src\\Illuminate\\Database\\Schema\\Builder.php(618): Illuminate\\Database\\Schema\\Blueprint->build()
#6 C:\\xampp\\htdocs\\Repositorio_Grupal\\PSiga_2823506\\CODIGO PROYECTO\\BACKEND\\vendor\\laravel\\framework\\src\\Illuminate\\Database\\Schema\\Builder.php(472): Illuminate\\Database\\Schema\\Builder->build(Object(Illuminate\\Database\\Schema\\Blueprint))
#7 C:\\xampp\\htdocs\\Repositorio_Grupal\\PSiga_2823506\\CODIGO PROYECTO\\BACKEND\\vendor\\laravel\\framework\\src\\Illuminate\\Support\\Facades\\Facade.php(361): Illuminate\\Database\\Schema\\Builder->create('asistencias', Object(Closure))
#8 C:\\xampp\\htdocs\\Repositorio_Grupal\\PSiga_2823506\\CODIGO PROYECTO\\BACKEND\\database\\migrations\\2025_05_12_135207_create_asistencias_table.php(14): Illuminate\\Support\\Facades\\Facade::__callStatic('create', Array)
#9 C:\\xampp\\htdocs\\Repositorio_Grupal\\PSiga_2823506\\CODIGO PROYECTO\\BACKEND\\vendor\\laravel\\framework\\src\\Illuminate\\Database\\Migrations\\Migrator.php(514): Illuminate\\Database\\Migrations\\Migration@anonymous->up()
#10 C:\\xampp\\htdocs\\Repositorio_Grupal\\PSiga_2823506\\CODIGO PROYECTO\\BACKEND\\vendor\\laravel\\framework\\src\\Illuminate\\Database\\Migrations\\Migrator.php(439): Illuminate\\Database\\Migrations\\Migrator->runMethod(Object(Illuminate\\Database\\MySqlConnection), Object(Illuminate\\Database\\Migrations\\Migration@anonymous), 'up')
#11 C:\\xampp\\htdocs\\Repositorio_Grupal\\PSiga_2823506\\CODIGO PROYECTO\\BACKEND\\vendor\\laravel\\framework\\src\\Illuminate\\Database\\Migrations\\Migrator.php(448): Illuminate\\Database\\Migrations\\Migrator->Illuminate\\Database\\Migrations\\{closure}()
#12 C:\\xampp\\htdocs\\Repositorio_Grupal\\PSiga_2823506\\CODIGO PROYECTO\\BACKEND\\vendor\\laravel\\framework\\src\\Illuminate\\Database\\Migrations\\Migrator.php(250): Illuminate\\Database\\Migrations\\Migrator->runMigration(Object(Illuminate\\Database\\Migrations\\Migration@anonymous), 'up')
#13 C:\\xampp\\htdocs\\Repositorio_Grupal\\PSiga_2823506\\CODIGO PROYECTO\\BACKEND\\vendor\\laravel\\framework\\src\\Illuminate\\Console\\View\\Components\\Task.php(41): Illuminate\\Database\\Migrations\\Migrator->Illuminate\\Database\\Migrations\\{closure}()
#14 C:\\xampp\\htdocs\\Repositorio_Grupal\\PSiga_2823506\\CODIGO PROYECTO\\BACKEND\\vendor\\laravel\\framework\\src\\Illuminate\\Database\\Migrations\\Migrator.php(805): Illuminate\\Console\\View\\Components\\Task->render('2025_05_12_1352...', Object(Closure))
#15 C:\\xampp\\htdocs\\Repositorio_Grupal\\PSiga_2823506\\CODIGO PROYECTO\\BACKEND\\vendor\\laravel\\framework\\src\\Illuminate\\Database\\Migrations\\Migrator.php(250): Illuminate\\Database\\Migrations\\Migrator->write('Illuminate\\\\Cons...', '2025_05_12_1352...', Object(Closure))
#16 C:\\xampp\\htdocs\\Repositorio_Grupal\\PSiga_2823506\\CODIGO PROYECTO\\BACKEND\\vendor\\laravel\\framework\\src\\Illuminate\\Database\\Migrations\\Migrator.php(210): Illuminate\\Database\\Migrations\\Migrator->runUp('C:\\\\xampp\\\\htdocs...', 3, false)
#17 C:\\xampp\\htdocs\\Repositorio_Grupal\\PSiga_2823506\\CODIGO PROYECTO\\BACKEND\\vendor\\laravel\\framework\\src\\Illuminate\\Database\\Migrations\\Migrator.php(137): Illuminate\\Database\\Migrations\\Migrator->runPending(Array, Array)
#18 C:\\xampp\\htdocs\\Repositorio_Grupal\\PSiga_2823506\\CODIGO PROYECTO\\BACKEND\\vendor\\laravel\\framework\\src\\Illuminate\\Database\\Console\\Migrations\\MigrateCommand.php(116): Illuminate\\Database\\Migrations\\Migrator->run(Array, Array)
#19 C:\\xampp\\htdocs\\Repositorio_Grupal\\PSiga_2823506\\CODIGO PROYECTO\\BACKEND\\vendor\\laravel\\framework\\src\\Illuminate\\Database\\Migrations\\Migrator.php(665): Illuminate\\Database\\Console\\Migrations\\MigrateCommand->Illuminate\\Database\\Console\\Migrations\\{closure}()
#20 C:\\xampp\\htdocs\\Repositorio_Grupal\\PSiga_2823506\\CODIGO PROYECTO\\BACKEND\\vendor\\laravel\\framework\\src\\Illuminate\\Database\\Console\\Migrations\\MigrateCommand.php(109): Illuminate\\Database\\Migrations\\Migrator->usingConnection(NULL, Object(Closure))
#21 C:\\xampp\\htdocs\\Repositorio_Grupal\\PSiga_2823506\\CODIGO PROYECTO\\BACKEND\\vendor\\laravel\\framework\\src\\Illuminate\\Database\\Console\\Migrations\\MigrateCommand.php(88): Illuminate\\Database\\Console\\Migrations\\MigrateCommand->runMigrations()
#22 C:\\xampp\\htdocs\\Repositorio_Grupal\\PSiga_2823506\\CODIGO PROYECTO\\BACKEND\\vendor\\laravel\\framework\\src\\Illuminate\\Container\\BoundMethod.php(36): Illuminate\\Database\\Console\\Migrations\\MigrateCommand->handle()
#23 C:\\xampp\\htdocs\\Repositorio_Grupal\\PSiga_2823506\\CODIGO PROYECTO\\BACKEND\\vendor\\laravel\\framework\\src\\Illuminate\\Container\\Util.php(43): Illuminate\\Container\\BoundMethod::Illuminate\\Container\\{closure}()
#24 C:\\xampp\\htdocs\\Repositorio_Grupal\\PSiga_2823506\\CODIGO PROYECTO\\BACKEND\\vendor\\laravel\\framework\\src\\Illuminate\\Container\\BoundMethod.php(96): Illuminate\\Container\\Util::unwrapIfClosure(Object(Closure))
#25 C:\\xampp\\htdocs\\Repositorio_Grupal\\PSiga_2823506\\CODIGO PROYECTO\\BACKEND\\vendor\\laravel\\framework\\src\\Illuminate\\Container\\BoundMethod.php(35): Illuminate\\Container\\BoundMethod::callBoundMethod(Object(Illuminate\\Foundation\\Application), Array, Object(Closure))
#26 C:\\xampp\\htdocs\\Repositorio_Grupal\\PSiga_2823506\\CODIGO PROYECTO\\BACKEND\\vendor\\laravel\\framework\\src\\Illuminate\\Container\\Container.php(754): Illuminate\\Container\\BoundMethod::call(Object(Illuminate\\Foundation\\Application), Array, Array, NULL)
#27 C:\\xampp\\htdocs\\Repositorio_Grupal\\PSiga_2823506\\CODIGO PROYECTO\\BACKEND\\vendor\\laravel\\framework\\src\\Illuminate\\Console\\Command.php(211): Illuminate\\Container\\Container->call(Array)
#28 C:\\xampp\\htdocs\\Repositorio_Grupal\\PSiga_2823506\\CODIGO PROYECTO\\BACKEND\\vendor\\symfony\\console\\Command\\Command.php(279): Illuminate\\Console\\Command->execute(Object(Symfony\\Component\\Console\\Input\\ArgvInput), Object(Illuminate\\Console\\OutputStyle))
#29 C:\\xampp\\htdocs\\Repositorio_Grupal\\PSiga_2823506\\CODIGO PROYECTO\\BACKEND\\vendor\\laravel\\framework\\src\\Illuminate\\Console\\Command.php(180): Symfony\\Component\\Console\\Command\\Command->run(Object(Symfony\\Component\\Console\\Input\\ArgvInput), Object(Illuminate\\Console\\OutputStyle))
#30 C:\\xampp\\htdocs\\Repositorio_Grupal\\PSiga_2823506\\CODIGO PROYECTO\\BACKEND\\vendor\\symfony\\console\\Application.php(1094): Illuminate\\Console\\Command->run(Object(Symfony\\Component\\Console\\Input\\ArgvInput), Object(Symfony\\Component\\Console\\Output\\ConsoleOutput))
#31 C:\\xampp\\htdocs\\Repositorio_Grupal\\PSiga_2823506\\CODIGO PROYECTO\\BACKEND\\vendor\\symfony\\console\\Application.php(342): Symfony\\Component\\Console\\Application->doRunCommand(Object(Illuminate\\Database\\Console\\Migrations\\MigrateCommand), Object(Symfony\\Component\\Console\\Input\\ArgvInput), Object(Symfony\\Component\\Console\\Output\\ConsoleOutput))
#32 C:\\xampp\\htdocs\\Repositorio_Grupal\\PSiga_2823506\\CODIGO PROYECTO\\BACKEND\\vendor\\symfony\\console\\Application.php(193): Symfony\\Component\\Console\\Application->doRun(Object(Symfony\\Component\\Console\\Input\\ArgvInput), Object(Symfony\\Component\\Console\\Output\\ConsoleOutput))
#33 C:\\xampp\\htdocs\\Repositorio_Grupal\\PSiga_2823506\\CODIGO PROYECTO\\BACKEND\\vendor\\laravel\\framework\\src\\Illuminate\\Foundation\\Console\\Kernel.php(197): Symfony\\Component\\Console\\Application->run(Object(Symfony\\Component\\Console\\Input\\ArgvInput), Object(Symfony\\Component\\Console\\Output\\ConsoleOutput))
#34 C:\\xampp\\htdocs\\Repositorio_Grupal\\PSiga_2823506\\CODIGO PROYECTO\\BACKEND\\vendor\\laravel\\framework\\src\\Illuminate\\Foundation\\Application.php(1234): Illuminate\\Foundation\\Console\\Kernel->handle(Object(Symfony\\Component\\Console\\Input\\ArgvInput), Object(Symfony\\Component\\Console\\Output\\ConsoleOutput))
#35 C:\\xampp\\htdocs\\Repositorio_Grupal\\PSiga_2823506\\CODIGO PROYECTO\\BACKEND\\artisan(16): Illuminate\\Foundation\\Application->handleCommand(Object(Symfony\\Component\\Console\\Input\\ArgvInput))
#36 {main}
"} 
[2025-05-12 15:07:09] local.ERROR: SQLSTATE[HY000]: General error: 1005 Can't create table `siga`.`clases` (errno: 150 "Foreign key constraint is incorrectly formed") (Connection: mysql, SQL: alter table `clases` add constraint `clases_aula_id_foreign` foreign key (`aula_id`) references `aula` (`id`)) {"exception":"[object] (Illuminate\\Database\\QueryException(code: HY000): SQLSTATE[HY000]: General error: 1005 Can't create table `siga`.`clases` (errno: 150 \"Foreign key constraint is incorrectly formed\") (Connection: mysql, SQL: alter table `clases` add constraint `clases_aula_id_foreign` foreign key (`aula_id`) references `aula` (`id`)) at C:\\xampp\\htdocs\\Repositorio_Grupal\\PSiga_2823506\\CODIGO PROYECTO\\BACKEND\\vendor\\laravel\\framework\\src\\Illuminate\\Database\\Connection.php:822)
[stacktrace]
#0 C:\\xampp\\htdocs\\Repositorio_Grupal\\PSiga_2823506\\CODIGO PROYECTO\\BACKEND\\vendor\\laravel\\framework\\src\\Illuminate\\Database\\Connection.php(776): Illuminate\\Database\\Connection->runQueryCallback('alter table `cl...', Array, Object(Closure))
#1 C:\\xampp\\htdocs\\Repositorio_Grupal\\PSiga_2823506\\CODIGO PROYECTO\\BACKEND\\vendor\\laravel\\framework\\src\\Illuminate\\Database\\Connection.php(557): Illuminate\\Database\\Connection->run('alter table `cl...', Array, Object(Closure))
#2 C:\\xampp\\htdocs\\Repositorio_Grupal\\PSiga_2823506\\CODIGO PROYECTO\\BACKEND\\vendor\\laravel\\framework\\src\\Illuminate\\Database\\Schema\\Blueprint.php(119): Illuminate\\Database\\Connection->statement('alter table `cl...')
#3 C:\\xampp\\htdocs\\Repositorio_Grupal\\PSiga_2823506\\CODIGO PROYECTO\\BACKEND\\vendor\\laravel\\framework\\src\\Illuminate\\Database\\Schema\\Builder.php(618): Illuminate\\Database\\Schema\\Blueprint->build()
#4 C:\\xampp\\htdocs\\Repositorio_Grupal\\PSiga_2823506\\CODIGO PROYECTO\\BACKEND\\vendor\\laravel\\framework\\src\\Illuminate\\Database\\Schema\\Builder.php(472): Illuminate\\Database\\Schema\\Builder->build(Object(Illuminate\\Database\\Schema\\Blueprint))
#5 C:\\xampp\\htdocs\\Repositorio_Grupal\\PSiga_2823506\\CODIGO PROYECTO\\BACKEND\\vendor\\laravel\\framework\\src\\Illuminate\\Support\\Facades\\Facade.php(361): Illuminate\\Database\\Schema\\Builder->create('clases', Object(Closure))
#6 C:\\xampp\\htdocs\\Repositorio_Grupal\\PSiga_2823506\\CODIGO PROYECTO\\BACKEND\\database\\migrations\\2025_05_12_135200_create_clases_table.php(15): Illuminate\\Support\\Facades\\Facade::__callStatic('create', Array)
#7 C:\\xampp\\htdocs\\Repositorio_Grupal\\PSiga_2823506\\CODIGO PROYECTO\\BACKEND\\vendor\\laravel\\framework\\src\\Illuminate\\Database\\Migrations\\Migrator.php(514): Illuminate\\Database\\Migrations\\Migration@anonymous->up()
#8 C:\\xampp\\htdocs\\Repositorio_Grupal\\PSiga_2823506\\CODIGO PROYECTO\\BACKEND\\vendor\\laravel\\framework\\src\\Illuminate\\Database\\Migrations\\Migrator.php(439): Illuminate\\Database\\Migrations\\Migrator->runMethod(Object(Illuminate\\Database\\MySqlConnection), Object(Illuminate\\Database\\Migrations\\Migration@anonymous), 'up')
#9 C:\\xampp\\htdocs\\Repositorio_Grupal\\PSiga_2823506\\CODIGO PROYECTO\\BACKEND\\vendor\\laravel\\framework\\src\\Illuminate\\Database\\Migrations\\Migrator.php(448): Illuminate\\Database\\Migrations\\Migrator->Illuminate\\Database\\Migrations\\{closure}()
#10 C:\\xampp\\htdocs\\Repositorio_Grupal\\PSiga_2823506\\CODIGO PROYECTO\\BACKEND\\vendor\\laravel\\framework\\src\\Illuminate\\Database\\Migrations\\Migrator.php(250): Illuminate\\Database\\Migrations\\Migrator->runMigration(Object(Illuminate\\Database\\Migrations\\Migration@anonymous), 'up')
#11 C:\\xampp\\htdocs\\Repositorio_Grupal\\PSiga_2823506\\CODIGO PROYECTO\\BACKEND\\vendor\\laravel\\framework\\src\\Illuminate\\Console\\View\\Components\\Task.php(41): Illuminate\\Database\\Migrations\\Migrator->Illuminate\\Database\\Migrations\\{closure}()
#12 C:\\xampp\\htdocs\\Repositorio_Grupal\\PSiga_2823506\\CODIGO PROYECTO\\BACKEND\\vendor\\laravel\\framework\\src\\Illuminate\\Database\\Migrations\\Migrator.php(805): Illuminate\\Console\\View\\Components\\Task->render('2025_05_12_1352...', Object(Closure))
#13 C:\\xampp\\htdocs\\Repositorio_Grupal\\PSiga_2823506\\CODIGO PROYECTO\\BACKEND\\vendor\\laravel\\framework\\src\\Illuminate\\Database\\Migrations\\Migrator.php(250): Illuminate\\Database\\Migrations\\Migrator->write('Illuminate\\\\Cons...', '2025_05_12_1352...', Object(Closure))
#14 C:\\xampp\\htdocs\\Repositorio_Grupal\\PSiga_2823506\\CODIGO PROYECTO\\BACKEND\\vendor\\laravel\\framework\\src\\Illuminate\\Database\\Migrations\\Migrator.php(210): Illuminate\\Database\\Migrations\\Migrator->runUp('C:\\\\xampp\\\\htdocs...', 3, false)
#15 C:\\xampp\\htdocs\\Repositorio_Grupal\\PSiga_2823506\\CODIGO PROYECTO\\BACKEND\\vendor\\laravel\\framework\\src\\Illuminate\\Database\\Migrations\\Migrator.php(137): Illuminate\\Database\\Migrations\\Migrator->runPending(Array, Array)
#16 C:\\xampp\\htdocs\\Repositorio_Grupal\\PSiga_2823506\\CODIGO PROYECTO\\BACKEND\\vendor\\laravel\\framework\\src\\Illuminate\\Database\\Console\\Migrations\\MigrateCommand.php(116): Illuminate\\Database\\Migrations\\Migrator->run(Array, Array)
#17 C:\\xampp\\htdocs\\Repositorio_Grupal\\PSiga_2823506\\CODIGO PROYECTO\\BACKEND\\vendor\\laravel\\framework\\src\\Illuminate\\Database\\Migrations\\Migrator.php(665): Illuminate\\Database\\Console\\Migrations\\MigrateCommand->Illuminate\\Database\\Console\\Migrations\\{closure}()
#18 C:\\xampp\\htdocs\\Repositorio_Grupal\\PSiga_2823506\\CODIGO PROYECTO\\BACKEND\\vendor\\laravel\\framework\\src\\Illuminate\\Database\\Console\\Migrations\\MigrateCommand.php(109): Illuminate\\Database\\Migrations\\Migrator->usingConnection(NULL, Object(Closure))
#19 C:\\xampp\\htdocs\\Repositorio_Grupal\\PSiga_2823506\\CODIGO PROYECTO\\BACKEND\\vendor\\laravel\\framework\\src\\Illuminate\\Database\\Console\\Migrations\\MigrateCommand.php(88): Illuminate\\Database\\Console\\Migrations\\MigrateCommand->runMigrations()
#20 C:\\xampp\\htdocs\\Repositorio_Grupal\\PSiga_2823506\\CODIGO PROYECTO\\BACKEND\\vendor\\laravel\\framework\\src\\Illuminate\\Container\\BoundMethod.php(36): Illuminate\\Database\\Console\\Migrations\\MigrateCommand->handle()
#21 C:\\xampp\\htdocs\\Repositorio_Grupal\\PSiga_2823506\\CODIGO PROYECTO\\BACKEND\\vendor\\laravel\\framework\\src\\Illuminate\\Container\\Util.php(43): Illuminate\\Container\\BoundMethod::Illuminate\\Container\\{closure}()
#22 C:\\xampp\\htdocs\\Repositorio_Grupal\\PSiga_2823506\\CODIGO PROYECTO\\BACKEND\\vendor\\laravel\\framework\\src\\Illuminate\\Container\\BoundMethod.php(96): Illuminate\\Container\\Util::unwrapIfClosure(Object(Closure))
#23 C:\\xampp\\htdocs\\Repositorio_Grupal\\PSiga_2823506\\CODIGO PROYECTO\\BACKEND\\vendor\\laravel\\framework\\src\\Illuminate\\Container\\BoundMethod.php(35): Illuminate\\Container\\BoundMethod::callBoundMethod(Object(Illuminate\\Foundation\\Application), Array, Object(Closure))
#24 C:\\xampp\\htdocs\\Repositorio_Grupal\\PSiga_2823506\\CODIGO PROYECTO\\BACKEND\\vendor\\laravel\\framework\\src\\Illuminate\\Container\\Container.php(754): Illuminate\\Container\\BoundMethod::call(Object(Illuminate\\Foundation\\Application), Array, Array, NULL)
#25 C:\\xampp\\htdocs\\Repositorio_Grupal\\PSiga_2823506\\CODIGO PROYECTO\\BACKEND\\vendor\\laravel\\framework\\src\\Illuminate\\Console\\Command.php(211): Illuminate\\Container\\Container->call(Array)
#26 C:\\xampp\\htdocs\\Repositorio_Grupal\\PSiga_2823506\\CODIGO PROYECTO\\BACKEND\\vendor\\symfony\\console\\Command\\Command.php(279): Illuminate\\Console\\Command->execute(Object(Symfony\\Component\\Console\\Input\\ArgvInput), Object(Illuminate\\Console\\OutputStyle))
#27 C:\\xampp\\htdocs\\Repositorio_Grupal\\PSiga_2823506\\CODIGO PROYECTO\\BACKEND\\vendor\\laravel\\framework\\src\\Illuminate\\Console\\Command.php(180): Symfony\\Component\\Console\\Command\\Command->run(Object(Symfony\\Component\\Console\\Input\\ArgvInput), Object(Illuminate\\Console\\OutputStyle))
#28 C:\\xampp\\htdocs\\Repositorio_Grupal\\PSiga_2823506\\CODIGO PROYECTO\\BACKEND\\vendor\\symfony\\console\\Application.php(1094): Illuminate\\Console\\Command->run(Object(Symfony\\Component\\Console\\Input\\ArgvInput), Object(Symfony\\Component\\Console\\Output\\ConsoleOutput))
#29 C:\\xampp\\htdocs\\Repositorio_Grupal\\PSiga_2823506\\CODIGO PROYECTO\\BACKEND\\vendor\\symfony\\console\\Application.php(342): Symfony\\Component\\Console\\Application->doRunCommand(Object(Illuminate\\Database\\Console\\Migrations\\MigrateCommand), Object(Symfony\\Component\\Console\\Input\\ArgvInput), Object(Symfony\\Component\\Console\\Output\\ConsoleOutput))
#30 C:\\xampp\\htdocs\\Repositorio_Grupal\\PSiga_2823506\\CODIGO PROYECTO\\BACKEND\\vendor\\symfony\\console\\Application.php(193): Symfony\\Component\\Console\\Application->doRun(Object(Symfony\\Component\\Console\\Input\\ArgvInput), Object(Symfony\\Component\\Console\\Output\\ConsoleOutput))
#31 C:\\xampp\\htdocs\\Repositorio_Grupal\\PSiga_2823506\\CODIGO PROYECTO\\BACKEND\\vendor\\laravel\\framework\\src\\Illuminate\\Foundation\\Console\\Kernel.php(197): Symfony\\Component\\Console\\Application->run(Object(Symfony\\Component\\Console\\Input\\ArgvInput), Object(Symfony\\Component\\Console\\Output\\ConsoleOutput))
#32 C:\\xampp\\htdocs\\Repositorio_Grupal\\PSiga_2823506\\CODIGO PROYECTO\\BACKEND\\vendor\\laravel\\framework\\src\\Illuminate\\Foundation\\Application.php(1234): Illuminate\\Foundation\\Console\\Kernel->handle(Object(Symfony\\Component\\Console\\Input\\ArgvInput), Object(Symfony\\Component\\Console\\Output\\ConsoleOutput))
#33 C:\\xampp\\htdocs\\Repositorio_Grupal\\PSiga_2823506\\CODIGO PROYECTO\\BACKEND\\artisan(16): Illuminate\\Foundation\\Application->handleCommand(Object(Symfony\\Component\\Console\\Input\\ArgvInput))
#34 {main}

[previous exception] [object] (PDOException(code: HY000): SQLSTATE[HY000]: General error: 1005 Can't create table `siga`.`clases` (errno: 150 \"Foreign key constraint is incorrectly formed\") at C:\\xampp\\htdocs\\Repositorio_Grupal\\PSiga_2823506\\CODIGO PROYECTO\\BACKEND\\vendor\\laravel\\framework\\src\\Illuminate\\Database\\Connection.php:568)
[stacktrace]
#0 C:\\xampp\\htdocs\\Repositorio_Grupal\\PSiga_2823506\\CODIGO PROYECTO\\BACKEND\\vendor\\laravel\\framework\\src\\Illuminate\\Database\\Connection.php(568): PDOStatement->execute()
#1 C:\\xampp\\htdocs\\Repositorio_Grupal\\PSiga_2823506\\CODIGO PROYECTO\\BACKEND\\vendor\\laravel\\framework\\src\\Illuminate\\Database\\Connection.php(809): Illuminate\\Database\\Connection->Illuminate\\Database\\{closure}('alter table `cl...', Array)
#2 C:\\xampp\\htdocs\\Repositorio_Grupal\\PSiga_2823506\\CODIGO PROYECTO\\BACKEND\\vendor\\laravel\\framework\\src\\Illuminate\\Database\\Connection.php(776): Illuminate\\Database\\Connection->runQueryCallback('alter table `cl...', Array, Object(Closure))
#3 C:\\xampp\\htdocs\\Repositorio_Grupal\\PSiga_2823506\\CODIGO PROYECTO\\BACKEND\\vendor\\laravel\\framework\\src\\Illuminate\\Database\\Connection.php(557): Illuminate\\Database\\Connection->run('alter table `cl...', Array, Object(Closure))
#4 C:\\xampp\\htdocs\\Repositorio_Grupal\\PSiga_2823506\\CODIGO PROYECTO\\BACKEND\\vendor\\laravel\\framework\\src\\Illuminate\\Database\\Schema\\Blueprint.php(119): Illuminate\\Database\\Connection->statement('alter table `cl...')
#5 C:\\xampp\\htdocs\\Repositorio_Grupal\\PSiga_2823506\\CODIGO PROYECTO\\BACKEND\\vendor\\laravel\\framework\\src\\Illuminate\\Database\\Schema\\Builder.php(618): Illuminate\\Database\\Schema\\Blueprint->build()
#6 C:\\xampp\\htdocs\\Repositorio_Grupal\\PSiga_2823506\\CODIGO PROYECTO\\BACKEND\\vendor\\laravel\\framework\\src\\Illuminate\\Database\\Schema\\Builder.php(472): Illuminate\\Database\\Schema\\Builder->build(Object(Illuminate\\Database\\Schema\\Blueprint))
#7 C:\\xampp\\htdocs\\Repositorio_Grupal\\PSiga_2823506\\CODIGO PROYECTO\\BACKEND\\vendor\\laravel\\framework\\src\\Illuminate\\Support\\Facades\\Facade.php(361): Illuminate\\Database\\Schema\\Builder->create('clases', Object(Closure))
#8 C:\\xampp\\htdocs\\Repositorio_Grupal\\PSiga_2823506\\CODIGO PROYECTO\\BACKEND\\database\\migrations\\2025_05_12_135200_create_clases_table.php(15): Illuminate\\Support\\Facades\\Facade::__callStatic('create', Array)
#9 C:\\xampp\\htdocs\\Repositorio_Grupal\\PSiga_2823506\\CODIGO PROYECTO\\BACKEND\\vendor\\laravel\\framework\\src\\Illuminate\\Database\\Migrations\\Migrator.php(514): Illuminate\\Database\\Migrations\\Migration@anonymous->up()
#10 C:\\xampp\\htdocs\\Repositorio_Grupal\\PSiga_2823506\\CODIGO PROYECTO\\BACKEND\\vendor\\laravel\\framework\\src\\Illuminate\\Database\\Migrations\\Migrator.php(439): Illuminate\\Database\\Migrations\\Migrator->runMethod(Object(Illuminate\\Database\\MySqlConnection), Object(Illuminate\\Database\\Migrations\\Migration@anonymous), 'up')
#11 C:\\xampp\\htdocs\\Repositorio_Grupal\\PSiga_2823506\\CODIGO PROYECTO\\BACKEND\\vendor\\laravel\\framework\\src\\Illuminate\\Database\\Migrations\\Migrator.php(448): Illuminate\\Database\\Migrations\\Migrator->Illuminate\\Database\\Migrations\\{closure}()
#12 C:\\xampp\\htdocs\\Repositorio_Grupal\\PSiga_2823506\\CODIGO PROYECTO\\BACKEND\\vendor\\laravel\\framework\\src\\Illuminate\\Database\\Migrations\\Migrator.php(250): Illuminate\\Database\\Migrations\\Migrator->runMigration(Object(Illuminate\\Database\\Migrations\\Migration@anonymous), 'up')
#13 C:\\xampp\\htdocs\\Repositorio_Grupal\\PSiga_2823506\\CODIGO PROYECTO\\BACKEND\\vendor\\laravel\\framework\\src\\Illuminate\\Console\\View\\Components\\Task.php(41): Illuminate\\Database\\Migrations\\Migrator->Illuminate\\Database\\Migrations\\{closure}()
#14 C:\\xampp\\htdocs\\Repositorio_Grupal\\PSiga_2823506\\CODIGO PROYECTO\\BACKEND\\vendor\\laravel\\framework\\src\\Illuminate\\Database\\Migrations\\Migrator.php(805): Illuminate\\Console\\View\\Components\\Task->render('2025_05_12_1352...', Object(Closure))
#15 C:\\xampp\\htdocs\\Repositorio_Grupal\\PSiga_2823506\\CODIGO PROYECTO\\BACKEND\\vendor\\laravel\\framework\\src\\Illuminate\\Database\\Migrations\\Migrator.php(250): Illuminate\\Database\\Migrations\\Migrator->write('Illuminate\\\\Cons...', '2025_05_12_1352...', Object(Closure))
#16 C:\\xampp\\htdocs\\Repositorio_Grupal\\PSiga_2823506\\CODIGO PROYECTO\\BACKEND\\vendor\\laravel\\framework\\src\\Illuminate\\Database\\Migrations\\Migrator.php(210): Illuminate\\Database\\Migrations\\Migrator->runUp('C:\\\\xampp\\\\htdocs...', 3, false)
#17 C:\\xampp\\htdocs\\Repositorio_Grupal\\PSiga_2823506\\CODIGO PROYECTO\\BACKEND\\vendor\\laravel\\framework\\src\\Illuminate\\Database\\Migrations\\Migrator.php(137): Illuminate\\Database\\Migrations\\Migrator->runPending(Array, Array)
#18 C:\\xampp\\htdocs\\Repositorio_Grupal\\PSiga_2823506\\CODIGO PROYECTO\\BACKEND\\vendor\\laravel\\framework\\src\\Illuminate\\Database\\Console\\Migrations\\MigrateCommand.php(116): Illuminate\\Database\\Migrations\\Migrator->run(Array, Array)
#19 C:\\xampp\\htdocs\\Repositorio_Grupal\\PSiga_2823506\\CODIGO PROYECTO\\BACKEND\\vendor\\laravel\\framework\\src\\Illuminate\\Database\\Migrations\\Migrator.php(665): Illuminate\\Database\\Console\\Migrations\\MigrateCommand->Illuminate\\Database\\Console\\Migrations\\{closure}()
#20 C:\\xampp\\htdocs\\Repositorio_Grupal\\PSiga_2823506\\CODIGO PROYECTO\\BACKEND\\vendor\\laravel\\framework\\src\\Illuminate\\Database\\Console\\Migrations\\MigrateCommand.php(109): Illuminate\\Database\\Migrations\\Migrator->usingConnection(NULL, Object(Closure))
#21 C:\\xampp\\htdocs\\Repositorio_Grupal\\PSiga_2823506\\CODIGO PROYECTO\\BACKEND\\vendor\\laravel\\framework\\src\\Illuminate\\Database\\Console\\Migrations\\MigrateCommand.php(88): Illuminate\\Database\\Console\\Migrations\\MigrateCommand->runMigrations()
#22 C:\\xampp\\htdocs\\Repositorio_Grupal\\PSiga_2823506\\CODIGO PROYECTO\\BACKEND\\vendor\\laravel\\framework\\src\\Illuminate\\Container\\BoundMethod.php(36): Illuminate\\Database\\Console\\Migrations\\MigrateCommand->handle()
#23 C:\\xampp\\htdocs\\Repositorio_Grupal\\PSiga_2823506\\CODIGO PROYECTO\\BACKEND\\vendor\\laravel\\framework\\src\\Illuminate\\Container\\Util.php(43): Illuminate\\Container\\BoundMethod::Illuminate\\Container\\{closure}()
#24 C:\\xampp\\htdocs\\Repositorio_Grupal\\PSiga_2823506\\CODIGO PROYECTO\\BACKEND\\vendor\\laravel\\framework\\src\\Illuminate\\Container\\BoundMethod.php(96): Illuminate\\Container\\Util::unwrapIfClosure(Object(Closure))
#25 C:\\xampp\\htdocs\\Repositorio_Grupal\\PSiga_2823506\\CODIGO PROYECTO\\BACKEND\\vendor\\laravel\\framework\\src\\Illuminate\\Container\\BoundMethod.php(35): Illuminate\\Container\\BoundMethod::callBoundMethod(Object(Illuminate\\Foundation\\Application), Array, Object(Closure))
#26 C:\\xampp\\htdocs\\Repositorio_Grupal\\PSiga_2823506\\CODIGO PROYECTO\\BACKEND\\vendor\\laravel\\framework\\src\\Illuminate\\Container\\Container.php(754): Illuminate\\Container\\BoundMethod::call(Object(Illuminate\\Foundation\\Application), Array, Array, NULL)
#27 C:\\xampp\\htdocs\\Repositorio_Grupal\\PSiga_2823506\\CODIGO PROYECTO\\BACKEND\\vendor\\laravel\\framework\\src\\Illuminate\\Console\\Command.php(211): Illuminate\\Container\\Container->call(Array)
#28 C:\\xampp\\htdocs\\Repositorio_Grupal\\PSiga_2823506\\CODIGO PROYECTO\\BACKEND\\vendor\\symfony\\console\\Command\\Command.php(279): Illuminate\\Console\\Command->execute(Object(Symfony\\Component\\Console\\Input\\ArgvInput), Object(Illuminate\\Console\\OutputStyle))
#29 C:\\xampp\\htdocs\\Repositorio_Grupal\\PSiga_2823506\\CODIGO PROYECTO\\BACKEND\\vendor\\laravel\\framework\\src\\Illuminate\\Console\\Command.php(180): Symfony\\Component\\Console\\Command\\Command->run(Object(Symfony\\Component\\Console\\Input\\ArgvInput), Object(Illuminate\\Console\\OutputStyle))
#30 C:\\xampp\\htdocs\\Repositorio_Grupal\\PSiga_2823506\\CODIGO PROYECTO\\BACKEND\\vendor\\symfony\\console\\Application.php(1094): Illuminate\\Console\\Command->run(Object(Symfony\\Component\\Console\\Input\\ArgvInput), Object(Symfony\\Component\\Console\\Output\\ConsoleOutput))
#31 C:\\xampp\\htdocs\\Repositorio_Grupal\\PSiga_2823506\\CODIGO PROYECTO\\BACKEND\\vendor\\symfony\\console\\Application.php(342): Symfony\\Component\\Console\\Application->doRunCommand(Object(Illuminate\\Database\\Console\\Migrations\\MigrateCommand), Object(Symfony\\Component\\Console\\Input\\ArgvInput), Object(Symfony\\Component\\Console\\Output\\ConsoleOutput))
#32 C:\\xampp\\htdocs\\Repositorio_Grupal\\PSiga_2823506\\CODIGO PROYECTO\\BACKEND\\vendor\\symfony\\console\\Application.php(193): Symfony\\Component\\Console\\Application->doRun(Object(Symfony\\Component\\Console\\Input\\ArgvInput), Object(Symfony\\Component\\Console\\Output\\ConsoleOutput))
#33 C:\\xampp\\htdocs\\Repositorio_Grupal\\PSiga_2823506\\CODIGO PROYECTO\\BACKEND\\vendor\\laravel\\framework\\src\\Illuminate\\Foundation\\Console\\Kernel.php(197): Symfony\\Component\\Console\\Application->run(Object(Symfony\\Component\\Console\\Input\\ArgvInput), Object(Symfony\\Component\\Console\\Output\\ConsoleOutput))
#34 C:\\xampp\\htdocs\\Repositorio_Grupal\\PSiga_2823506\\CODIGO PROYECTO\\BACKEND\\vendor\\laravel\\framework\\src\\Illuminate\\Foundation\\Application.php(1234): Illuminate\\Foundation\\Console\\Kernel->handle(Object(Symfony\\Component\\Console\\Input\\ArgvInput), Object(Symfony\\Component\\Console\\Output\\ConsoleOutput))
#35 C:\\xampp\\htdocs\\Repositorio_Grupal\\PSiga_2823506\\CODIGO PROYECTO\\BACKEND\\artisan(16): Illuminate\\Foundation\\Application->handleCommand(Object(Symfony\\Component\\Console\\Input\\ArgvInput))
#36 {main}
"} 
[2025-05-12 15:09:38] local.ERROR: SQLSTATE[23000]: Integrity constraint violation: 1451 Cannot delete or update a parent row: a foreign key constraint fails (Connection: mysql, SQL: drop table if exists `asignaturas`) {"exception":"[object] (Illuminate\\Database\\QueryException(code: 23000): SQLSTATE[23000]: Integrity constraint violation: 1451 Cannot delete or update a parent row: a foreign key constraint fails (Connection: mysql, SQL: drop table if exists `asignaturas`) at C:\\xampp\\htdocs\\Repositorio_Grupal\\PSiga_2823506\\CODIGO PROYECTO\\BACKEND\\vendor\\laravel\\framework\\src\\Illuminate\\Database\\Connection.php:822)
[stacktrace]
#0 C:\\xampp\\htdocs\\Repositorio_Grupal\\PSiga_2823506\\CODIGO PROYECTO\\BACKEND\\vendor\\laravel\\framework\\src\\Illuminate\\Database\\Connection.php(776): Illuminate\\Database\\Connection->runQueryCallback('drop table if e...', Array, Object(Closure))
#1 C:\\xampp\\htdocs\\Repositorio_Grupal\\PSiga_2823506\\CODIGO PROYECTO\\BACKEND\\vendor\\laravel\\framework\\src\\Illuminate\\Database\\Connection.php(557): Illuminate\\Database\\Connection->run('drop table if e...', Array, Object(Closure))
#2 C:\\xampp\\htdocs\\Repositorio_Grupal\\PSiga_2823506\\CODIGO PROYECTO\\BACKEND\\vendor\\laravel\\framework\\src\\Illuminate\\Database\\Schema\\Blueprint.php(119): Illuminate\\Database\\Connection->statement('drop table if e...')
#3 C:\\xampp\\htdocs\\Repositorio_Grupal\\PSiga_2823506\\CODIGO PROYECTO\\BACKEND\\vendor\\laravel\\framework\\src\\Illuminate\\Database\\Schema\\Builder.php(618): Illuminate\\Database\\Schema\\Blueprint->build()
#4 C:\\xampp\\htdocs\\Repositorio_Grupal\\PSiga_2823506\\CODIGO PROYECTO\\BACKEND\\vendor\\laravel\\framework\\src\\Illuminate\\Database\\Schema\\Builder.php(500): Illuminate\\Database\\Schema\\Builder->build(Object(Illuminate\\Database\\Schema\\Blueprint))
#5 C:\\xampp\\htdocs\\Repositorio_Grupal\\PSiga_2823506\\CODIGO PROYECTO\\BACKEND\\vendor\\laravel\\framework\\src\\Illuminate\\Support\\Facades\\Facade.php(361): Illuminate\\Database\\Schema\\Builder->dropIfExists('asignaturas')
#6 C:\\xampp\\htdocs\\Repositorio_Grupal\\PSiga_2823506\\CODIGO PROYECTO\\BACKEND\\database\\migrations\\2025_05_12_131516_create_asignaturas_table.php(26): Illuminate\\Support\\Facades\\Facade::__callStatic('dropIfExists', Array)
#7 C:\\xampp\\htdocs\\Repositorio_Grupal\\PSiga_2823506\\CODIGO PROYECTO\\BACKEND\\vendor\\laravel\\framework\\src\\Illuminate\\Database\\Migrations\\Migrator.php(514): Illuminate\\Database\\Migrations\\Migration@anonymous->down()
#8 C:\\xampp\\htdocs\\Repositorio_Grupal\\PSiga_2823506\\CODIGO PROYECTO\\BACKEND\\vendor\\laravel\\framework\\src\\Illuminate\\Database\\Migrations\\Migrator.php(439): Illuminate\\Database\\Migrations\\Migrator->runMethod(Object(Illuminate\\Database\\MySqlConnection), Object(Illuminate\\Database\\Migrations\\Migration@anonymous), 'down')
#9 C:\\xampp\\htdocs\\Repositorio_Grupal\\PSiga_2823506\\CODIGO PROYECTO\\BACKEND\\vendor\\laravel\\framework\\src\\Illuminate\\Database\\Migrations\\Migrator.php(448): Illuminate\\Database\\Migrations\\Migrator->Illuminate\\Database\\Migrations\\{closure}()
#10 C:\\xampp\\htdocs\\Repositorio_Grupal\\PSiga_2823506\\CODIGO PROYECTO\\BACKEND\\vendor\\laravel\\framework\\src\\Illuminate\\Database\\Migrations\\Migrator.php(414): Illuminate\\Database\\Migrations\\Migrator->runMigration(Object(Illuminate\\Database\\Migrations\\Migration@anonymous), 'down')
#11 C:\\xampp\\htdocs\\Repositorio_Grupal\\PSiga_2823506\\CODIGO PROYECTO\\BACKEND\\vendor\\laravel\\framework\\src\\Illuminate\\Console\\View\\Components\\Task.php(41): Illuminate\\Database\\Migrations\\Migrator->Illuminate\\Database\\Migrations\\{closure}()
#12 C:\\xampp\\htdocs\\Repositorio_Grupal\\PSiga_2823506\\CODIGO PROYECTO\\BACKEND\\vendor\\laravel\\framework\\src\\Illuminate\\Database\\Migrations\\Migrator.php(805): Illuminate\\Console\\View\\Components\\Task->render('2025_05_12_1315...', Object(Closure))
#13 C:\\xampp\\htdocs\\Repositorio_Grupal\\PSiga_2823506\\CODIGO PROYECTO\\BACKEND\\vendor\\laravel\\framework\\src\\Illuminate\\Database\\Migrations\\Migrator.php(414): Illuminate\\Database\\Migrations\\Migrator->write('Illuminate\\\\Cons...', '2025_05_12_1315...', Object(Closure))
#14 C:\\xampp\\htdocs\\Repositorio_Grupal\\PSiga_2823506\\CODIGO PROYECTO\\BACKEND\\vendor\\laravel\\framework\\src\\Illuminate\\Database\\Migrations\\Migrator.php(337): Illuminate\\Database\\Migrations\\Migrator->runDown('C:\\\\xampp\\\\htdocs...', Object(stdClass), false)
#15 C:\\xampp\\htdocs\\Repositorio_Grupal\\PSiga_2823506\\CODIGO PROYECTO\\BACKEND\\vendor\\laravel\\framework\\src\\Illuminate\\Database\\Migrations\\Migrator.php(281): Illuminate\\Database\\Migrations\\Migrator->rollbackMigrations(Array, Array, Array)
#16 C:\\xampp\\htdocs\\Repositorio_Grupal\\PSiga_2823506\\CODIGO PROYECTO\\BACKEND\\vendor\\laravel\\framework\\src\\Illuminate\\Database\\Console\\Migrations\\RollbackCommand.php(63): Illuminate\\Database\\Migrations\\Migrator->rollback(Array, Array)
#17 C:\\xampp\\htdocs\\Repositorio_Grupal\\PSiga_2823506\\CODIGO PROYECTO\\BACKEND\\vendor\\laravel\\framework\\src\\Illuminate\\Database\\Migrations\\Migrator.php(665): Illuminate\\Database\\Console\\Migrations\\RollbackCommand->Illuminate\\Database\\Console\\Migrations\\{closure}()
#18 C:\\xampp\\htdocs\\Repositorio_Grupal\\PSiga_2823506\\CODIGO PROYECTO\\BACKEND\\vendor\\laravel\\framework\\src\\Illuminate\\Database\\Console\\Migrations\\RollbackCommand.php(62): Illuminate\\Database\\Migrations\\Migrator->usingConnection(NULL, Object(Closure))
#19 C:\\xampp\\htdocs\\Repositorio_Grupal\\PSiga_2823506\\CODIGO PROYECTO\\BACKEND\\vendor\\laravel\\framework\\src\\Illuminate\\Container\\BoundMethod.php(36): Illuminate\\Database\\Console\\Migrations\\RollbackCommand->handle()
#20 C:\\xampp\\htdocs\\Repositorio_Grupal\\PSiga_2823506\\CODIGO PROYECTO\\BACKEND\\vendor\\laravel\\framework\\src\\Illuminate\\Container\\Util.php(43): Illuminate\\Container\\BoundMethod::Illuminate\\Container\\{closure}()
#21 C:\\xampp\\htdocs\\Repositorio_Grupal\\PSiga_2823506\\CODIGO PROYECTO\\BACKEND\\vendor\\laravel\\framework\\src\\Illuminate\\Container\\BoundMethod.php(96): Illuminate\\Container\\Util::unwrapIfClosure(Object(Closure))
#22 C:\\xampp\\htdocs\\Repositorio_Grupal\\PSiga_2823506\\CODIGO PROYECTO\\BACKEND\\vendor\\laravel\\framework\\src\\Illuminate\\Container\\BoundMethod.php(35): Illuminate\\Container\\BoundMethod::callBoundMethod(Object(Illuminate\\Foundation\\Application), Array, Object(Closure))
#23 C:\\xampp\\htdocs\\Repositorio_Grupal\\PSiga_2823506\\CODIGO PROYECTO\\BACKEND\\vendor\\laravel\\framework\\src\\Illuminate\\Container\\Container.php(754): Illuminate\\Container\\BoundMethod::call(Object(Illuminate\\Foundation\\Application), Array, Array, NULL)
#24 C:\\xampp\\htdocs\\Repositorio_Grupal\\PSiga_2823506\\CODIGO PROYECTO\\BACKEND\\vendor\\laravel\\framework\\src\\Illuminate\\Console\\Command.php(211): Illuminate\\Container\\Container->call(Array)
#25 C:\\xampp\\htdocs\\Repositorio_Grupal\\PSiga_2823506\\CODIGO PROYECTO\\BACKEND\\vendor\\symfony\\console\\Command\\Command.php(279): Illuminate\\Console\\Command->execute(Object(Symfony\\Component\\Console\\Input\\ArgvInput), Object(Illuminate\\Console\\OutputStyle))
#26 C:\\xampp\\htdocs\\Repositorio_Grupal\\PSiga_2823506\\CODIGO PROYECTO\\BACKEND\\vendor\\laravel\\framework\\src\\Illuminate\\Console\\Command.php(180): Symfony\\Component\\Console\\Command\\Command->run(Object(Symfony\\Component\\Console\\Input\\ArgvInput), Object(Illuminate\\Console\\OutputStyle))
#27 C:\\xampp\\htdocs\\Repositorio_Grupal\\PSiga_2823506\\CODIGO PROYECTO\\BACKEND\\vendor\\symfony\\console\\Application.php(1094): Illuminate\\Console\\Command->run(Object(Symfony\\Component\\Console\\Input\\ArgvInput), Object(Symfony\\Component\\Console\\Output\\ConsoleOutput))
#28 C:\\xampp\\htdocs\\Repositorio_Grupal\\PSiga_2823506\\CODIGO PROYECTO\\BACKEND\\vendor\\symfony\\console\\Application.php(342): Symfony\\Component\\Console\\Application->doRunCommand(Object(Illuminate\\Database\\Console\\Migrations\\RollbackCommand), Object(Symfony\\Component\\Console\\Input\\ArgvInput), Object(Symfony\\Component\\Console\\Output\\ConsoleOutput))
#29 C:\\xampp\\htdocs\\Repositorio_Grupal\\PSiga_2823506\\CODIGO PROYECTO\\BACKEND\\vendor\\symfony\\console\\Application.php(193): Symfony\\Component\\Console\\Application->doRun(Object(Symfony\\Component\\Console\\Input\\ArgvInput), Object(Symfony\\Component\\Console\\Output\\ConsoleOutput))
#30 C:\\xampp\\htdocs\\Repositorio_Grupal\\PSiga_2823506\\CODIGO PROYECTO\\BACKEND\\vendor\\laravel\\framework\\src\\Illuminate\\Foundation\\Console\\Kernel.php(197): Symfony\\Component\\Console\\Application->run(Object(Symfony\\Component\\Console\\Input\\ArgvInput), Object(Symfony\\Component\\Console\\Output\\ConsoleOutput))
#31 C:\\xampp\\htdocs\\Repositorio_Grupal\\PSiga_2823506\\CODIGO PROYECTO\\BACKEND\\vendor\\laravel\\framework\\src\\Illuminate\\Foundation\\Application.php(1234): Illuminate\\Foundation\\Console\\Kernel->handle(Object(Symfony\\Component\\Console\\Input\\ArgvInput), Object(Symfony\\Component\\Console\\Output\\ConsoleOutput))
#32 C:\\xampp\\htdocs\\Repositorio_Grupal\\PSiga_2823506\\CODIGO PROYECTO\\BACKEND\\artisan(16): Illuminate\\Foundation\\Application->handleCommand(Object(Symfony\\Component\\Console\\Input\\ArgvInput))
#33 {main}

[previous exception] [object] (PDOException(code: 23000): SQLSTATE[23000]: Integrity constraint violation: 1451 Cannot delete or update a parent row: a foreign key constraint fails at C:\\xampp\\htdocs\\Repositorio_Grupal\\PSiga_2823506\\CODIGO PROYECTO\\BACKEND\\vendor\\laravel\\framework\\src\\Illuminate\\Database\\Connection.php:568)
[stacktrace]
#0 C:\\xampp\\htdocs\\Repositorio_Grupal\\PSiga_2823506\\CODIGO PROYECTO\\BACKEND\\vendor\\laravel\\framework\\src\\Illuminate\\Database\\Connection.php(568): PDOStatement->execute()
#1 C:\\xampp\\htdocs\\Repositorio_Grupal\\PSiga_2823506\\CODIGO PROYECTO\\BACKEND\\vendor\\laravel\\framework\\src\\Illuminate\\Database\\Connection.php(809): Illuminate\\Database\\Connection->Illuminate\\Database\\{closure}('drop table if e...', Array)
#2 C:\\xampp\\htdocs\\Repositorio_Grupal\\PSiga_2823506\\CODIGO PROYECTO\\BACKEND\\vendor\\laravel\\framework\\src\\Illuminate\\Database\\Connection.php(776): Illuminate\\Database\\Connection->runQueryCallback('drop table if e...', Array, Object(Closure))
#3 C:\\xampp\\htdocs\\Repositorio_Grupal\\PSiga_2823506\\CODIGO PROYECTO\\BACKEND\\vendor\\laravel\\framework\\src\\Illuminate\\Database\\Connection.php(557): Illuminate\\Database\\Connection->run('drop table if e...', Array, Object(Closure))
#4 C:\\xampp\\htdocs\\Repositorio_Grupal\\PSiga_2823506\\CODIGO PROYECTO\\BACKEND\\vendor\\laravel\\framework\\src\\Illuminate\\Database\\Schema\\Blueprint.php(119): Illuminate\\Database\\Connection->statement('drop table if e...')
#5 C:\\xampp\\htdocs\\Repositorio_Grupal\\PSiga_2823506\\CODIGO PROYECTO\\BACKEND\\vendor\\laravel\\framework\\src\\Illuminate\\Database\\Schema\\Builder.php(618): Illuminate\\Database\\Schema\\Blueprint->build()
#6 C:\\xampp\\htdocs\\Repositorio_Grupal\\PSiga_2823506\\CODIGO PROYECTO\\BACKEND\\vendor\\laravel\\framework\\src\\Illuminate\\Database\\Schema\\Builder.php(500): Illuminate\\Database\\Schema\\Builder->build(Object(Illuminate\\Database\\Schema\\Blueprint))
#7 C:\\xampp\\htdocs\\Repositorio_Grupal\\PSiga_2823506\\CODIGO PROYECTO\\BACKEND\\vendor\\laravel\\framework\\src\\Illuminate\\Support\\Facades\\Facade.php(361): Illuminate\\Database\\Schema\\Builder->dropIfExists('asignaturas')
#8 C:\\xampp\\htdocs\\Repositorio_Grupal\\PSiga_2823506\\CODIGO PROYECTO\\BACKEND\\database\\migrations\\2025_05_12_131516_create_asignaturas_table.php(26): Illuminate\\Support\\Facades\\Facade::__callStatic('dropIfExists', Array)
#9 C:\\xampp\\htdocs\\Repositorio_Grupal\\PSiga_2823506\\CODIGO PROYECTO\\BACKEND\\vendor\\laravel\\framework\\src\\Illuminate\\Database\\Migrations\\Migrator.php(514): Illuminate\\Database\\Migrations\\Migration@anonymous->down()
#10 C:\\xampp\\htdocs\\Repositorio_Grupal\\PSiga_2823506\\CODIGO PROYECTO\\BACKEND\\vendor\\laravel\\framework\\src\\Illuminate\\Database\\Migrations\\Migrator.php(439): Illuminate\\Database\\Migrations\\Migrator->runMethod(Object(Illuminate\\Database\\MySqlConnection), Object(Illuminate\\Database\\Migrations\\Migration@anonymous), 'down')
#11 C:\\xampp\\htdocs\\Repositorio_Grupal\\PSiga_2823506\\CODIGO PROYECTO\\BACKEND\\vendor\\laravel\\framework\\src\\Illuminate\\Database\\Migrations\\Migrator.php(448): Illuminate\\Database\\Migrations\\Migrator->Illuminate\\Database\\Migrations\\{closure}()
#12 C:\\xampp\\htdocs\\Repositorio_Grupal\\PSiga_2823506\\CODIGO PROYECTO\\BACKEND\\vendor\\laravel\\framework\\src\\Illuminate\\Database\\Migrations\\Migrator.php(414): Illuminate\\Database\\Migrations\\Migrator->runMigration(Object(Illuminate\\Database\\Migrations\\Migration@anonymous), 'down')
#13 C:\\xampp\\htdocs\\Repositorio_Grupal\\PSiga_2823506\\CODIGO PROYECTO\\BACKEND\\vendor\\laravel\\framework\\src\\Illuminate\\Console\\View\\Components\\Task.php(41): Illuminate\\Database\\Migrations\\Migrator->Illuminate\\Database\\Migrations\\{closure}()
#14 C:\\xampp\\htdocs\\Repositorio_Grupal\\PSiga_2823506\\CODIGO PROYECTO\\BACKEND\\vendor\\laravel\\framework\\src\\Illuminate\\Database\\Migrations\\Migrator.php(805): Illuminate\\Console\\View\\Components\\Task->render('2025_05_12_1315...', Object(Closure))
#15 C:\\xampp\\htdocs\\Repositorio_Grupal\\PSiga_2823506\\CODIGO PROYECTO\\BACKEND\\vendor\\laravel\\framework\\src\\Illuminate\\Database\\Migrations\\Migrator.php(414): Illuminate\\Database\\Migrations\\Migrator->write('Illuminate\\\\Cons...', '2025_05_12_1315...', Object(Closure))
#16 C:\\xampp\\htdocs\\Repositorio_Grupal\\PSiga_2823506\\CODIGO PROYECTO\\BACKEND\\vendor\\laravel\\framework\\src\\Illuminate\\Database\\Migrations\\Migrator.php(337): Illuminate\\Database\\Migrations\\Migrator->runDown('C:\\\\xampp\\\\htdocs...', Object(stdClass), false)
#17 C:\\xampp\\htdocs\\Repositorio_Grupal\\PSiga_2823506\\CODIGO PROYECTO\\BACKEND\\vendor\\laravel\\framework\\src\\Illuminate\\Database\\Migrations\\Migrator.php(281): Illuminate\\Database\\Migrations\\Migrator->rollbackMigrations(Array, Array, Array)
#18 C:\\xampp\\htdocs\\Repositorio_Grupal\\PSiga_2823506\\CODIGO PROYECTO\\BACKEND\\vendor\\laravel\\framework\\src\\Illuminate\\Database\\Console\\Migrations\\RollbackCommand.php(63): Illuminate\\Database\\Migrations\\Migrator->rollback(Array, Array)
#19 C:\\xampp\\htdocs\\Repositorio_Grupal\\PSiga_2823506\\CODIGO PROYECTO\\BACKEND\\vendor\\laravel\\framework\\src\\Illuminate\\Database\\Migrations\\Migrator.php(665): Illuminate\\Database\\Console\\Migrations\\RollbackCommand->Illuminate\\Database\\Console\\Migrations\\{closure}()
#20 C:\\xampp\\htdocs\\Repositorio_Grupal\\PSiga_2823506\\CODIGO PROYECTO\\BACKEND\\vendor\\laravel\\framework\\src\\Illuminate\\Database\\Console\\Migrations\\RollbackCommand.php(62): Illuminate\\Database\\Migrations\\Migrator->usingConnection(NULL, Object(Closure))
#21 C:\\xampp\\htdocs\\Repositorio_Grupal\\PSiga_2823506\\CODIGO PROYECTO\\BACKEND\\vendor\\laravel\\framework\\src\\Illuminate\\Container\\BoundMethod.php(36): Illuminate\\Database\\Console\\Migrations\\RollbackCommand->handle()
#22 C:\\xampp\\htdocs\\Repositorio_Grupal\\PSiga_2823506\\CODIGO PROYECTO\\BACKEND\\vendor\\laravel\\framework\\src\\Illuminate\\Container\\Util.php(43): Illuminate\\Container\\BoundMethod::Illuminate\\Container\\{closure}()
#23 C:\\xampp\\htdocs\\Repositorio_Grupal\\PSiga_2823506\\CODIGO PROYECTO\\BACKEND\\vendor\\laravel\\framework\\src\\Illuminate\\Container\\BoundMethod.php(96): Illuminate\\Container\\Util::unwrapIfClosure(Object(Closure))
#24 C:\\xampp\\htdocs\\Repositorio_Grupal\\PSiga_2823506\\CODIGO PROYECTO\\BACKEND\\vendor\\laravel\\framework\\src\\Illuminate\\Container\\BoundMethod.php(35): Illuminate\\Container\\BoundMethod::callBoundMethod(Object(Illuminate\\Foundation\\Application), Array, Object(Closure))
#25 C:\\xampp\\htdocs\\Repositorio_Grupal\\PSiga_2823506\\CODIGO PROYECTO\\BACKEND\\vendor\\laravel\\framework\\src\\Illuminate\\Container\\Container.php(754): Illuminate\\Container\\BoundMethod::call(Object(Illuminate\\Foundation\\Application), Array, Array, NULL)
#26 C:\\xampp\\htdocs\\Repositorio_Grupal\\PSiga_2823506\\CODIGO PROYECTO\\BACKEND\\vendor\\laravel\\framework\\src\\Illuminate\\Console\\Command.php(211): Illuminate\\Container\\Container->call(Array)
#27 C:\\xampp\\htdocs\\Repositorio_Grupal\\PSiga_2823506\\CODIGO PROYECTO\\BACKEND\\vendor\\symfony\\console\\Command\\Command.php(279): Illuminate\\Console\\Command->execute(Object(Symfony\\Component\\Console\\Input\\ArgvInput), Object(Illuminate\\Console\\OutputStyle))
#28 C:\\xampp\\htdocs\\Repositorio_Grupal\\PSiga_2823506\\CODIGO PROYECTO\\BACKEND\\vendor\\laravel\\framework\\src\\Illuminate\\Console\\Command.php(180): Symfony\\Component\\Console\\Command\\Command->run(Object(Symfony\\Component\\Console\\Input\\ArgvInput), Object(Illuminate\\Console\\OutputStyle))
#29 C:\\xampp\\htdocs\\Repositorio_Grupal\\PSiga_2823506\\CODIGO PROYECTO\\BACKEND\\vendor\\symfony\\console\\Application.php(1094): Illuminate\\Console\\Command->run(Object(Symfony\\Component\\Console\\Input\\ArgvInput), Object(Symfony\\Component\\Console\\Output\\ConsoleOutput))
#30 C:\\xampp\\htdocs\\Repositorio_Grupal\\PSiga_2823506\\CODIGO PROYECTO\\BACKEND\\vendor\\symfony\\console\\Application.php(342): Symfony\\Component\\Console\\Application->doRunCommand(Object(Illuminate\\Database\\Console\\Migrations\\RollbackCommand), Object(Symfony\\Component\\Console\\Input\\ArgvInput), Object(Symfony\\Component\\Console\\Output\\ConsoleOutput))
#31 C:\\xampp\\htdocs\\Repositorio_Grupal\\PSiga_2823506\\CODIGO PROYECTO\\BACKEND\\vendor\\symfony\\console\\Application.php(193): Symfony\\Component\\Console\\Application->doRun(Object(Symfony\\Component\\Console\\Input\\ArgvInput), Object(Symfony\\Component\\Console\\Output\\ConsoleOutput))
#32 C:\\xampp\\htdocs\\Repositorio_Grupal\\PSiga_2823506\\CODIGO PROYECTO\\BACKEND\\vendor\\laravel\\framework\\src\\Illuminate\\Foundation\\Console\\Kernel.php(197): Symfony\\Component\\Console\\Application->run(Object(Symfony\\Component\\Console\\Input\\ArgvInput), Object(Symfony\\Component\\Console\\Output\\ConsoleOutput))
#33 C:\\xampp\\htdocs\\Repositorio_Grupal\\PSiga_2823506\\CODIGO PROYECTO\\BACKEND\\vendor\\laravel\\framework\\src\\Illuminate\\Foundation\\Application.php(1234): Illuminate\\Foundation\\Console\\Kernel->handle(Object(Symfony\\Component\\Console\\Input\\ArgvInput), Object(Symfony\\Component\\Console\\Output\\ConsoleOutput))
#34 C:\\xampp\\htdocs\\Repositorio_Grupal\\PSiga_2823506\\CODIGO PROYECTO\\BACKEND\\artisan(16): Illuminate\\Foundation\\Application->handleCommand(Object(Symfony\\Component\\Console\\Input\\ArgvInput))
#35 {main}
"} 
[2025-05-12 17:38:47] local.ERROR: Class "AsignaturaController" does not exist {"exception":"[object] (ReflectionException(code: -1): Class \"AsignaturaController\" does not exist at C:\\xampp\\htdocs\\Repositorio_Grupal\\PSiga_2823506\\CODIGO PROYECTO\\BACKEND\\vendor\\laravel\\framework\\src\\Illuminate\\Foundation\\Console\\RouteListCommand.php:235)
[stacktrace]
#0 C:\\xampp\\htdocs\\Repositorio_Grupal\\PSiga_2823506\\CODIGO PROYECTO\\BACKEND\\vendor\\laravel\\framework\\src\\Illuminate\\Foundation\\Console\\RouteListCommand.php(235): ReflectionClass->__construct('AsignaturaContr...')
#1 C:\\xampp\\htdocs\\Repositorio_Grupal\\PSiga_2823506\\CODIGO PROYECTO\\BACKEND\\vendor\\laravel\\framework\\src\\Illuminate\\Foundation\\Console\\RouteListCommand.php(149): Illuminate\\Foundation\\Console\\RouteListCommand->isVendorRoute(Object(Illuminate\\Routing\\Route))
#2 C:\\xampp\\htdocs\\Repositorio_Grupal\\PSiga_2823506\\CODIGO PROYECTO\\BACKEND\\vendor\\laravel\\framework\\src\\Illuminate\\Foundation\\Console\\RouteListCommand.php(117): Illuminate\\Foundation\\Console\\RouteListCommand->getRouteInformation(Object(Illuminate\\Routing\\Route))
#3 [internal function]: Illuminate\\Foundation\\Console\\RouteListCommand->Illuminate\\Foundation\\Console\\{closure}(Object(Illuminate\\Routing\\Route), 42)
#4 C:\\xampp\\htdocs\\Repositorio_Grupal\\PSiga_2823506\\CODIGO PROYECTO\\BACKEND\\vendor\\laravel\\framework\\src\\Illuminate\\Collections\\Arr.php(609): array_map(Object(Closure), Array, Array)
#5 C:\\xampp\\htdocs\\Repositorio_Grupal\\PSiga_2823506\\CODIGO PROYECTO\\BACKEND\\vendor\\laravel\\framework\\src\\Illuminate\\Collections\\Collection.php(799): Illuminate\\Support\\Arr::map(Array, Object(Closure))
#6 C:\\xampp\\htdocs\\Repositorio_Grupal\\PSiga_2823506\\CODIGO PROYECTO\\BACKEND\\vendor\\laravel\\framework\\src\\Illuminate\\Foundation\\Console\\RouteListCommand.php(117): Illuminate\\Support\\Collection->map(Object(Closure))
#7 C:\\xampp\\htdocs\\Repositorio_Grupal\\PSiga_2823506\\CODIGO PROYECTO\\BACKEND\\vendor\\laravel\\framework\\src\\Illuminate\\Foundation\\Console\\RouteListCommand.php(102): Illuminate\\Foundation\\Console\\RouteListCommand->getRoutes()
#8 C:\\xampp\\htdocs\\Repositorio_Grupal\\PSiga_2823506\\CODIGO PROYECTO\\BACKEND\\vendor\\laravel\\framework\\src\\Illuminate\\Container\\BoundMethod.php(36): Illuminate\\Foundation\\Console\\RouteListCommand->handle()
#9 C:\\xampp\\htdocs\\Repositorio_Grupal\\PSiga_2823506\\CODIGO PROYECTO\\BACKEND\\vendor\\laravel\\framework\\src\\Illuminate\\Container\\Util.php(43): Illuminate\\Container\\BoundMethod::Illuminate\\Container\\{closure}()
#10 C:\\xampp\\htdocs\\Repositorio_Grupal\\PSiga_2823506\\CODIGO PROYECTO\\BACKEND\\vendor\\laravel\\framework\\src\\Illuminate\\Container\\BoundMethod.php(96): Illuminate\\Container\\Util::unwrapIfClosure(Object(Closure))
#11 C:\\xampp\\htdocs\\Repositorio_Grupal\\PSiga_2823506\\CODIGO PROYECTO\\BACKEND\\vendor\\laravel\\framework\\src\\Illuminate\\Container\\BoundMethod.php(35): Illuminate\\Container\\BoundMethod::callBoundMethod(Object(Illuminate\\Foundation\\Application), Array, Object(Closure))
#12 C:\\xampp\\htdocs\\Repositorio_Grupal\\PSiga_2823506\\CODIGO PROYECTO\\BACKEND\\vendor\\laravel\\framework\\src\\Illuminate\\Container\\Container.php(754): Illuminate\\Container\\BoundMethod::call(Object(Illuminate\\Foundation\\Application), Array, Array, NULL)
#13 C:\\xampp\\htdocs\\Repositorio_Grupal\\PSiga_2823506\\CODIGO PROYECTO\\BACKEND\\vendor\\laravel\\framework\\src\\Illuminate\\Console\\Command.php(211): Illuminate\\Container\\Container->call(Array)
#14 C:\\xampp\\htdocs\\Repositorio_Grupal\\PSiga_2823506\\CODIGO PROYECTO\\BACKEND\\vendor\\symfony\\console\\Command\\Command.php(279): Illuminate\\Console\\Command->execute(Object(Symfony\\Component\\Console\\Input\\ArgvInput), Object(Illuminate\\Console\\OutputStyle))
#15 C:\\xampp\\htdocs\\Repositorio_Grupal\\PSiga_2823506\\CODIGO PROYECTO\\BACKEND\\vendor\\laravel\\framework\\src\\Illuminate\\Console\\Command.php(180): Symfony\\Component\\Console\\Command\\Command->run(Object(Symfony\\Component\\Console\\Input\\ArgvInput), Object(Illuminate\\Console\\OutputStyle))
#16 C:\\xampp\\htdocs\\Repositorio_Grupal\\PSiga_2823506\\CODIGO PROYECTO\\BACKEND\\vendor\\symfony\\console\\Application.php(1094): Illuminate\\Console\\Command->run(Object(Symfony\\Component\\Console\\Input\\ArgvInput), Object(Symfony\\Component\\Console\\Output\\ConsoleOutput))
#17 C:\\xampp\\htdocs\\Repositorio_Grupal\\PSiga_2823506\\CODIGO PROYECTO\\BACKEND\\vendor\\symfony\\console\\Application.php(342): Symfony\\Component\\Console\\Application->doRunCommand(Object(Illuminate\\Foundation\\Console\\RouteListCommand), Object(Symfony\\Component\\Console\\Input\\ArgvInput), Object(Symfony\\Component\\Console\\Output\\ConsoleOutput))
#18 C:\\xampp\\htdocs\\Repositorio_Grupal\\PSiga_2823506\\CODIGO PROYECTO\\BACKEND\\vendor\\symfony\\console\\Application.php(193): Symfony\\Component\\Console\\Application->doRun(Object(Symfony\\Component\\Console\\Input\\ArgvInput), Object(Symfony\\Component\\Console\\Output\\ConsoleOutput))
#19 C:\\xampp\\htdocs\\Repositorio_Grupal\\PSiga_2823506\\CODIGO PROYECTO\\BACKEND\\vendor\\laravel\\framework\\src\\Illuminate\\Foundation\\Console\\Kernel.php(197): Symfony\\Component\\Console\\Application->run(Object(Symfony\\Component\\Console\\Input\\ArgvInput), Object(Symfony\\Component\\Console\\Output\\ConsoleOutput))
#20 C:\\xampp\\htdocs\\Repositorio_Grupal\\PSiga_2823506\\CODIGO PROYECTO\\BACKEND\\vendor\\laravel\\framework\\src\\Illuminate\\Foundation\\Application.php(1234): Illuminate\\Foundation\\Console\\Kernel->handle(Object(Symfony\\Component\\Console\\Input\\ArgvInput), Object(Symfony\\Component\\Console\\Output\\ConsoleOutput))
#21 C:\\xampp\\htdocs\\Repositorio_Grupal\\PSiga_2823506\\CODIGO PROYECTO\\BACKEND\\artisan(16): Illuminate\\Foundation\\Application->handleCommand(Object(Symfony\\Component\\Console\\Input\\ArgvInput))
#22 {main}
"} 
[2025-05-12 17:43:17] local.ERROR: Class "Controller" not found {"exception":"[object] (Error(code: 0): Class \"Controller\" not found at C:\\xampp\\htdocs\\Repositorio_Grupal\\PSiga_2823506\\CODIGO PROYECTO\\BACKEND\\app\\Http\\Controllers\\AulaController.php:6)
[stacktrace]
#0 C:\\xampp\\htdocs\\Repositorio_Grupal\\PSiga_2823506\\CODIGO PROYECTO\\BACKEND\\vendor\\composer\\ClassLoader.php(576): include()
#1 C:\\xampp\\htdocs\\Repositorio_Grupal\\PSiga_2823506\\CODIGO PROYECTO\\BACKEND\\vendor\\composer\\ClassLoader.php(427): Composer\\Autoload\\{closure}('C:\\\\xampp\\\\htdocs...')
#2 [internal function]: Composer\\Autoload\\ClassLoader->loadClass('App\\\\Http\\\\Contro...')
#3 C:\\xampp\\htdocs\\Repositorio_Grupal\\PSiga_2823506\\CODIGO PROYECTO\\BACKEND\\vendor\\laravel\\framework\\src\\Illuminate\\Routing\\Route.php(1117): is_a('App\\\\Http\\\\Contro...', 'Illuminate\\\\Rout...', true)
#4 C:\\xampp\\htdocs\\Repositorio_Grupal\\PSiga_2823506\\CODIGO PROYECTO\\BACKEND\\vendor\\laravel\\framework\\src\\Illuminate\\Routing\\Route.php(1054): Illuminate\\Routing\\Route->controllerMiddleware()
#5 C:\\xampp\\htdocs\\Repositorio_Grupal\\PSiga_2823506\\CODIGO PROYECTO\\BACKEND\\vendor\\laravel\\framework\\src\\Illuminate\\Routing\\Router.php(820): Illuminate\\Routing\\Route->gatherMiddleware()
#6 C:\\xampp\\htdocs\\Repositorio_Grupal\\PSiga_2823506\\CODIGO PROYECTO\\BACKEND\\vendor\\laravel\\framework\\src\\Illuminate\\Foundation\\Console\\RouteListCommand.php(211): Illuminate\\Routing\\Router->gatherRouteMiddleware(Object(Illuminate\\Routing\\Route))
#7 C:\\xampp\\htdocs\\Repositorio_Grupal\\PSiga_2823506\\CODIGO PROYECTO\\BACKEND\\vendor\\laravel\\framework\\src\\Illuminate\\Foundation\\Console\\RouteListCommand.php(148): Illuminate\\Foundation\\Console\\RouteListCommand->getMiddleware(Object(Illuminate\\Routing\\Route))
#8 C:\\xampp\\htdocs\\Repositorio_Grupal\\PSiga_2823506\\CODIGO PROYECTO\\BACKEND\\vendor\\laravel\\framework\\src\\Illuminate\\Foundation\\Console\\RouteListCommand.php(117): Illuminate\\Foundation\\Console\\RouteListCommand->getRouteInformation(Object(Illuminate\\Routing\\Route))
#9 [internal function]: Illuminate\\Foundation\\Console\\RouteListCommand->Illuminate\\Foundation\\Console\\{closure}(Object(Illuminate\\Routing\\Route), 46)
#10 C:\\xampp\\htdocs\\Repositorio_Grupal\\PSiga_2823506\\CODIGO PROYECTO\\BACKEND\\vendor\\laravel\\framework\\src\\Illuminate\\Collections\\Arr.php(609): array_map(Object(Closure), Array, Array)
#11 C:\\xampp\\htdocs\\Repositorio_Grupal\\PSiga_2823506\\CODIGO PROYECTO\\BACKEND\\vendor\\laravel\\framework\\src\\Illuminate\\Collections\\Collection.php(799): Illuminate\\Support\\Arr::map(Array, Object(Closure))
#12 C:\\xampp\\htdocs\\Repositorio_Grupal\\PSiga_2823506\\CODIGO PROYECTO\\BACKEND\\vendor\\laravel\\framework\\src\\Illuminate\\Foundation\\Console\\RouteListCommand.php(117): Illuminate\\Support\\Collection->map(Object(Closure))
#13 C:\\xampp\\htdocs\\Repositorio_Grupal\\PSiga_2823506\\CODIGO PROYECTO\\BACKEND\\vendor\\laravel\\framework\\src\\Illuminate\\Foundation\\Console\\RouteListCommand.php(102): Illuminate\\Foundation\\Console\\RouteListCommand->getRoutes()
#14 C:\\xampp\\htdocs\\Repositorio_Grupal\\PSiga_2823506\\CODIGO PROYECTO\\BACKEND\\vendor\\laravel\\framework\\src\\Illuminate\\Container\\BoundMethod.php(36): Illuminate\\Foundation\\Console\\RouteListCommand->handle()
#15 C:\\xampp\\htdocs\\Repositorio_Grupal\\PSiga_2823506\\CODIGO PROYECTO\\BACKEND\\vendor\\laravel\\framework\\src\\Illuminate\\Container\\Util.php(43): Illuminate\\Container\\BoundMethod::Illuminate\\Container\\{closure}()
#16 C:\\xampp\\htdocs\\Repositorio_Grupal\\PSiga_2823506\\CODIGO PROYECTO\\BACKEND\\vendor\\laravel\\framework\\src\\Illuminate\\Container\\BoundMethod.php(96): Illuminate\\Container\\Util::unwrapIfClosure(Object(Closure))
#17 C:\\xampp\\htdocs\\Repositorio_Grupal\\PSiga_2823506\\CODIGO PROYECTO\\BACKEND\\vendor\\laravel\\framework\\src\\Illuminate\\Container\\BoundMethod.php(35): Illuminate\\Container\\BoundMethod::callBoundMethod(Object(Illuminate\\Foundation\\Application), Array, Object(Closure))
#18 C:\\xampp\\htdocs\\Repositorio_Grupal\\PSiga_2823506\\CODIGO PROYECTO\\BACKEND\\vendor\\laravel\\framework\\src\\Illuminate\\Container\\Container.php(754): Illuminate\\Container\\BoundMethod::call(Object(Illuminate\\Foundation\\Application), Array, Array, NULL)
#19 C:\\xampp\\htdocs\\Repositorio_Grupal\\PSiga_2823506\\CODIGO PROYECTO\\BACKEND\\vendor\\laravel\\framework\\src\\Illuminate\\Console\\Command.php(211): Illuminate\\Container\\Container->call(Array)
#20 C:\\xampp\\htdocs\\Repositorio_Grupal\\PSiga_2823506\\CODIGO PROYECTO\\BACKEND\\vendor\\symfony\\console\\Command\\Command.php(279): Illuminate\\Console\\Command->execute(Object(Symfony\\Component\\Console\\Input\\ArgvInput), Object(Illuminate\\Console\\OutputStyle))
#21 C:\\xampp\\htdocs\\Repositorio_Grupal\\PSiga_2823506\\CODIGO PROYECTO\\BACKEND\\vendor\\laravel\\framework\\src\\Illuminate\\Console\\Command.php(180): Symfony\\Component\\Console\\Command\\Command->run(Object(Symfony\\Component\\Console\\Input\\ArgvInput), Object(Illuminate\\Console\\OutputStyle))
#22 C:\\xampp\\htdocs\\Repositorio_Grupal\\PSiga_2823506\\CODIGO PROYECTO\\BACKEND\\vendor\\symfony\\console\\Application.php(1094): Illuminate\\Console\\Command->run(Object(Symfony\\Component\\Console\\Input\\ArgvInput), Object(Symfony\\Component\\Console\\Output\\ConsoleOutput))
#23 C:\\xampp\\htdocs\\Repositorio_Grupal\\PSiga_2823506\\CODIGO PROYECTO\\BACKEND\\vendor\\symfony\\console\\Application.php(342): Symfony\\Component\\Console\\Application->doRunCommand(Object(Illuminate\\Foundation\\Console\\RouteListCommand), Object(Symfony\\Component\\Console\\Input\\ArgvInput), Object(Symfony\\Component\\Console\\Output\\ConsoleOutput))
#24 C:\\xampp\\htdocs\\Repositorio_Grupal\\PSiga_2823506\\CODIGO PROYECTO\\BACKEND\\vendor\\symfony\\console\\Application.php(193): Symfony\\Component\\Console\\Application->doRun(Object(Symfony\\Component\\Console\\Input\\ArgvInput), Object(Symfony\\Component\\Console\\Output\\ConsoleOutput))
#25 C:\\xampp\\htdocs\\Repositorio_Grupal\\PSiga_2823506\\CODIGO PROYECTO\\BACKEND\\vendor\\laravel\\framework\\src\\Illuminate\\Foundation\\Console\\Kernel.php(197): Symfony\\Component\\Console\\Application->run(Object(Symfony\\Component\\Console\\Input\\ArgvInput), Object(Symfony\\Component\\Console\\Output\\ConsoleOutput))
#26 C:\\xampp\\htdocs\\Repositorio_Grupal\\PSiga_2823506\\CODIGO PROYECTO\\BACKEND\\vendor\\laravel\\framework\\src\\Illuminate\\Foundation\\Application.php(1234): Illuminate\\Foundation\\Console\\Kernel->handle(Object(Symfony\\Component\\Console\\Input\\ArgvInput), Object(Symfony\\Component\\Console\\Output\\ConsoleOutput))
#27 C:\\xampp\\htdocs\\Repositorio_Grupal\\PSiga_2823506\\CODIGO PROYECTO\\BACKEND\\artisan(16): Illuminate\\Foundation\\Application->handleCommand(Object(Symfony\\Component\\Console\\Input\\ArgvInput))
#28 {main}
"} 
[2025-05-12 17:54:46] local.ERROR: Trait "App\Models\HasFactory" not found {"exception":"[object] (Symfony\\Component\\ErrorHandler\\Error\\FatalError(code: 0): Trait \"App\\Models\\HasFactory\" not found at C:\\xampp\\htdocs\\Repositorio_Grupal\\PSiga_2823506\\CODIGO PROYECTO\\BACKEND\\app\\Models\\Asignatura.php:7)
[stacktrace]
#0 {main}
"} 
[2025-05-12 18:21:19] local.ERROR: Trait "App\Models\HasFactory" not found {"exception":"[object] (Symfony\\Component\\ErrorHandler\\Error\\FatalError(code: 0): Trait \"App\\Models\\HasFactory\" not found at C:\\xampp\\htdocs\\Repositorio_Grupal\\PSiga_2823506\\CODIGO PROYECTO\\BACKEND\\app\\Models\\Asignatura.php:7)
[stacktrace]
#0 {main}
"} 
[2025-05-12 18:22:02] local.ERROR: Trait "App\Models\HasFactory" not found {"exception":"[object] (Symfony\\Component\\ErrorHandler\\Error\\FatalError(code: 0): Trait \"App\\Models\\HasFactory\" not found at C:\\xampp\\htdocs\\Repositorio_Grupal\\PSiga_2823506\\CODIGO PROYECTO\\BACKEND\\app\\Models\\Asignatura.php:7)
[stacktrace]
#0 {main}
"} 
[2025-05-12 18:32:33] local.ERROR: SQLSTATE[42S02]: Base table or view not found: 1146 Table 'siga.asignatura' doesn't exist (Connection: mysql, SQL: select count(*) as aggregate from `asignatura` where `id` = 1) {"exception":"[object] (Illuminate\\Database\\QueryException(code: 42S02): SQLSTATE[42S02]: Base table or view not found: 1146 Table 'siga.asignatura' doesn't exist (Connection: mysql, SQL: select count(*) as aggregate from `asignatura` where `id` = 1) at C:\\xampp\\htdocs\\Repositorio_Grupal\\PSiga_2823506\\CODIGO PROYECTO\\BACKEND\\vendor\\laravel\\framework\\src\\Illuminate\\Database\\Connection.php:822)
[stacktrace]
#0 C:\\xampp\\htdocs\\Repositorio_Grupal\\PSiga_2823506\\CODIGO PROYECTO\\BACKEND\\vendor\\laravel\\framework\\src\\Illuminate\\Database\\Connection.php(776): Illuminate\\Database\\Connection->runQueryCallback('select count(*)...', Array, Object(Closure))
#1 C:\\xampp\\htdocs\\Repositorio_Grupal\\PSiga_2823506\\CODIGO PROYECTO\\BACKEND\\vendor\\laravel\\framework\\src\\Illuminate\\Database\\Connection.php(395): Illuminate\\Database\\Connection->run('select count(*)...', Array, Object(Closure))
#2 C:\\xampp\\htdocs\\Repositorio_Grupal\\PSiga_2823506\\CODIGO PROYECTO\\BACKEND\\vendor\\laravel\\framework\\src\\Illuminate\\Database\\Query\\Builder.php(3107): Illuminate\\Database\\Connection->select('select count(*)...', Array, false)
#3 C:\\xampp\\htdocs\\Repositorio_Grupal\\PSiga_2823506\\CODIGO PROYECTO\\BACKEND\\vendor\\laravel\\framework\\src\\Illuminate\\Database\\Query\\Builder.php(3092): Illuminate\\Database\\Query\\Builder->runSelect()
#4 C:\\xampp\\htdocs\\Repositorio_Grupal\\PSiga_2823506\\CODIGO PROYECTO\\BACKEND\\vendor\\laravel\\framework\\src\\Illuminate\\Database\\Query\\Builder.php(3679): Illuminate\\Database\\Query\\Builder->Illuminate\\Database\\Query\\{closure}()
#5 C:\\xampp\\htdocs\\Repositorio_Grupal\\PSiga_2823506\\CODIGO PROYECTO\\BACKEND\\vendor\\laravel\\framework\\src\\Illuminate\\Database\\Query\\Builder.php(3091): Illuminate\\Database\\Query\\Builder->onceWithColumns(Array, Object(Closure))
#6 C:\\xampp\\htdocs\\Repositorio_Grupal\\PSiga_2823506\\CODIGO PROYECTO\\BACKEND\\vendor\\laravel\\framework\\src\\Illuminate\\Database\\Query\\Builder.php(3605): Illuminate\\Database\\Query\\Builder->get(Array)
#7 C:\\xampp\\htdocs\\Repositorio_Grupal\\PSiga_2823506\\CODIGO PROYECTO\\BACKEND\\vendor\\laravel\\framework\\src\\Illuminate\\Database\\Query\\Builder.php(3533): Illuminate\\Database\\Query\\Builder->aggregate('count', Array)
#8 C:\\xampp\\htdocs\\Repositorio_Grupal\\PSiga_2823506\\CODIGO PROYECTO\\BACKEND\\vendor\\laravel\\framework\\src\\Illuminate\\Validation\\DatabasePresenceVerifier.php(53): Illuminate\\Database\\Query\\Builder->count()
#9 C:\\xampp\\htdocs\\Repositorio_Grupal\\PSiga_2823506\\CODIGO PROYECTO\\BACKEND\\vendor\\laravel\\framework\\src\\Illuminate\\Validation\\Concerns\\ValidatesAttributes.php(984): Illuminate\\Validation\\DatabasePresenceVerifier->getCount('asignatura', 'id', '1', NULL, NULL, Array)
#10 C:\\xampp\\htdocs\\Repositorio_Grupal\\PSiga_2823506\\CODIGO PROYECTO\\BACKEND\\vendor\\laravel\\framework\\src\\Illuminate\\Validation\\Concerns\\ValidatesAttributes.php(955): Illuminate\\Validation\\Validator->getExistCount(NULL, 'asignatura', 'id', '1', Array)
#11 C:\\xampp\\htdocs\\Repositorio_Grupal\\PSiga_2823506\\CODIGO PROYECTO\\BACKEND\\vendor\\laravel\\framework\\src\\Illuminate\\Validation\\Validator.php(685): Illuminate\\Validation\\Validator->validateExists('asignatura_id', '1', Array, Object(Illuminate\\Validation\\Validator))
#12 C:\\xampp\\htdocs\\Repositorio_Grupal\\PSiga_2823506\\CODIGO PROYECTO\\BACKEND\\vendor\\laravel\\framework\\src\\Illuminate\\Validation\\Validator.php(480): Illuminate\\Validation\\Validator->validateAttribute('asignatura_id', 'Exists')
#13 C:\\xampp\\htdocs\\Repositorio_Grupal\\PSiga_2823506\\CODIGO PROYECTO\\BACKEND\\vendor\\laravel\\framework\\src\\Illuminate\\Validation\\Validator.php(515): Illuminate\\Validation\\Validator->passes()
#14 C:\\xampp\\htdocs\\Repositorio_Grupal\\PSiga_2823506\\CODIGO PROYECTO\\BACKEND\\vendor\\laravel\\framework\\src\\Illuminate\\Validation\\Validator.php(557): Illuminate\\Validation\\Validator->fails()
#15 C:\\xampp\\htdocs\\Repositorio_Grupal\\PSiga_2823506\\CODIGO PROYECTO\\BACKEND\\vendor\\laravel\\framework\\src\\Illuminate\\Foundation\\Providers\\FoundationServiceProvider.php(155): Illuminate\\Validation\\Validator->validate()
#16 C:\\xampp\\htdocs\\Repositorio_Grupal\\PSiga_2823506\\CODIGO PROYECTO\\BACKEND\\vendor\\laravel\\framework\\src\\Illuminate\\Macroable\\Traits\\Macroable.php(126): Illuminate\\Http\\Request->Illuminate\\Foundation\\Providers\\{closure}(Array)
#17 C:\\xampp\\htdocs\\Repositorio_Grupal\\PSiga_2823506\\CODIGO PROYECTO\\BACKEND\\app\\Http\\Controllers\\ClaseController.php(14): Illuminate\\Http\\Request->__call('validate', Array)
#18 C:\\xampp\\htdocs\\Repositorio_Grupal\\PSiga_2823506\\CODIGO PROYECTO\\BACKEND\\vendor\\laravel\\framework\\src\\Illuminate\\Routing\\ControllerDispatcher.php(46): App\\Http\\Controllers\\ClaseController->store(Object(Illuminate\\Http\\Request))
#19 C:\\xampp\\htdocs\\Repositorio_Grupal\\PSiga_2823506\\CODIGO PROYECTO\\BACKEND\\vendor\\laravel\\framework\\src\\Illuminate\\Routing\\Route.php(265): Illuminate\\Routing\\ControllerDispatcher->dispatch(Object(Illuminate\\Routing\\Route), Object(App\\Http\\Controllers\\ClaseController), 'store')
#20 C:\\xampp\\htdocs\\Repositorio_Grupal\\PSiga_2823506\\CODIGO PROYECTO\\BACKEND\\vendor\\laravel\\framework\\src\\Illuminate\\Routing\\Route.php(211): Illuminate\\Routing\\Route->runController()
#21 C:\\xampp\\htdocs\\Repositorio_Grupal\\PSiga_2823506\\CODIGO PROYECTO\\BACKEND\\vendor\\laravel\\framework\\src\\Illuminate\\Routing\\Router.php(808): Illuminate\\Routing\\Route->run()
#22 C:\\xampp\\htdocs\\Repositorio_Grupal\\PSiga_2823506\\CODIGO PROYECTO\\BACKEND\\vendor\\laravel\\framework\\src\\Illuminate\\Pipeline\\Pipeline.php(169): Illuminate\\Routing\\Router->Illuminate\\Routing\\{closure}(Object(Illuminate\\Http\\Request))
#23 C:\\xampp\\htdocs\\Repositorio_Grupal\\PSiga_2823506\\CODIGO PROYECTO\\BACKEND\\vendor\\laravel\\framework\\src\\Illuminate\\Routing\\Middleware\\SubstituteBindings.php(50): Illuminate\\Pipeline\\Pipeline->Illuminate\\Pipeline\\{closure}(Object(Illuminate\\Http\\Request))
#24 C:\\xampp\\htdocs\\Repositorio_Grupal\\PSiga_2823506\\CODIGO PROYECTO\\BACKEND\\vendor\\laravel\\framework\\src\\Illuminate\\Pipeline\\Pipeline.php(208): Illuminate\\Routing\\Middleware\\SubstituteBindings->handle(Object(Illuminate\\Http\\Request), Object(Closure))
#25 C:\\xampp\\htdocs\\Repositorio_Grupal\\PSiga_2823506\\CODIGO PROYECTO\\BACKEND\\vendor\\laravel\\framework\\src\\Illuminate\\Pipeline\\Pipeline.php(126): Illuminate\\Pipeline\\Pipeline->Illuminate\\Pipeline\\{closure}(Object(Illuminate\\Http\\Request))
#26 C:\\xampp\\htdocs\\Repositorio_Grupal\\PSiga_2823506\\CODIGO PROYECTO\\BACKEND\\vendor\\laravel\\framework\\src\\Illuminate\\Routing\\Router.php(807): Illuminate\\Pipeline\\Pipeline->then(Object(Closure))
#27 C:\\xampp\\htdocs\\Repositorio_Grupal\\PSiga_2823506\\CODIGO PROYECTO\\BACKEND\\vendor\\laravel\\framework\\src\\Illuminate\\Routing\\Router.php(786): Illuminate\\Routing\\Router->runRouteWithinStack(Object(Illuminate\\Routing\\Route), Object(Illuminate\\Http\\Request))
#28 C:\\xampp\\htdocs\\Repositorio_Grupal\\PSiga_2823506\\CODIGO PROYECTO\\BACKEND\\vendor\\laravel\\framework\\src\\Illuminate\\Routing\\Router.php(750): Illuminate\\Routing\\Router->runRoute(Object(Illuminate\\Http\\Request), Object(Illuminate\\Routing\\Route))
#29 C:\\xampp\\htdocs\\Repositorio_Grupal\\PSiga_2823506\\CODIGO PROYECTO\\BACKEND\\vendor\\laravel\\framework\\src\\Illuminate\\Routing\\Router.php(739): Illuminate\\Routing\\Router->dispatchToRoute(Object(Illuminate\\Http\\Request))
#30 C:\\xampp\\htdocs\\Repositorio_Grupal\\PSiga_2823506\\CODIGO PROYECTO\\BACKEND\\vendor\\laravel\\framework\\src\\Illuminate\\Foundation\\Http\\Kernel.php(200): Illuminate\\Routing\\Router->dispatch(Object(Illuminate\\Http\\Request))
#31 C:\\xampp\\htdocs\\Repositorio_Grupal\\PSiga_2823506\\CODIGO PROYECTO\\BACKEND\\vendor\\laravel\\framework\\src\\Illuminate\\Pipeline\\Pipeline.php(169): Illuminate\\Foundation\\Http\\Kernel->Illuminate\\Foundation\\Http\\{closure}(Object(Illuminate\\Http\\Request))
#32 C:\\xampp\\htdocs\\Repositorio_Grupal\\PSiga_2823506\\CODIGO PROYECTO\\BACKEND\\vendor\\laravel\\framework\\src\\Illuminate\\Foundation\\Http\\Middleware\\TransformsRequest.php(21): Illuminate\\Pipeline\\Pipeline->Illuminate\\Pipeline\\{closure}(Object(Illuminate\\Http\\Request))
#33 C:\\xampp\\htdocs\\Repositorio_Grupal\\PSiga_2823506\\CODIGO PROYECTO\\BACKEND\\vendor\\laravel\\framework\\src\\Illuminate\\Foundation\\Http\\Middleware\\ConvertEmptyStringsToNull.php(31): Illuminate\\Foundation\\Http\\Middleware\\TransformsRequest->handle(Object(Illuminate\\Http\\Request), Object(Closure))
#34 C:\\xampp\\htdocs\\Repositorio_Grupal\\PSiga_2823506\\CODIGO PROYECTO\\BACKEND\\vendor\\laravel\\framework\\src\\Illuminate\\Pipeline\\Pipeline.php(208): Illuminate\\Foundation\\Http\\Middleware\\ConvertEmptyStringsToNull->handle(Object(Illuminate\\Http\\Request), Object(Closure))
#35 C:\\xampp\\htdocs\\Repositorio_Grupal\\PSiga_2823506\\CODIGO PROYECTO\\BACKEND\\vendor\\laravel\\framework\\src\\Illuminate\\Foundation\\Http\\Middleware\\TransformsRequest.php(21): Illuminate\\Pipeline\\Pipeline->Illuminate\\Pipeline\\{closure}(Object(Illuminate\\Http\\Request))
#36 C:\\xampp\\htdocs\\Repositorio_Grupal\\PSiga_2823506\\CODIGO PROYECTO\\BACKEND\\vendor\\laravel\\framework\\src\\Illuminate\\Foundation\\Http\\Middleware\\TrimStrings.php(51): Illuminate\\Foundation\\Http\\Middleware\\TransformsRequest->handle(Object(Illuminate\\Http\\Request), Object(Closure))
#37 C:\\xampp\\htdocs\\Repositorio_Grupal\\PSiga_2823506\\CODIGO PROYECTO\\BACKEND\\vendor\\laravel\\framework\\src\\Illuminate\\Pipeline\\Pipeline.php(208): Illuminate\\Foundation\\Http\\Middleware\\TrimStrings->handle(Object(Illuminate\\Http\\Request), Object(Closure))
#38 C:\\xampp\\htdocs\\Repositorio_Grupal\\PSiga_2823506\\CODIGO PROYECTO\\BACKEND\\vendor\\laravel\\framework\\src\\Illuminate\\Http\\Middleware\\ValidatePostSize.php(27): Illuminate\\Pipeline\\Pipeline->Illuminate\\Pipeline\\{closure}(Object(Illuminate\\Http\\Request))
#39 C:\\xampp\\htdocs\\Repositorio_Grupal\\PSiga_2823506\\CODIGO PROYECTO\\BACKEND\\vendor\\laravel\\framework\\src\\Illuminate\\Pipeline\\Pipeline.php(208): Illuminate\\Http\\Middleware\\ValidatePostSize->handle(Object(Illuminate\\Http\\Request), Object(Closure))
#40 C:\\xampp\\htdocs\\Repositorio_Grupal\\PSiga_2823506\\CODIGO PROYECTO\\BACKEND\\vendor\\laravel\\framework\\src\\Illuminate\\Foundation\\Http\\Middleware\\PreventRequestsDuringMaintenance.php(109): Illuminate\\Pipeline\\Pipeline->Illuminate\\Pipeline\\{closure}(Object(Illuminate\\Http\\Request))
#41 C:\\xampp\\htdocs\\Repositorio_Grupal\\PSiga_2823506\\CODIGO PROYECTO\\BACKEND\\vendor\\laravel\\framework\\src\\Illuminate\\Pipeline\\Pipeline.php(208): Illuminate\\Foundation\\Http\\Middleware\\PreventRequestsDuringMaintenance->handle(Object(Illuminate\\Http\\Request), Object(Closure))
#42 C:\\xampp\\htdocs\\Repositorio_Grupal\\PSiga_2823506\\CODIGO PROYECTO\\BACKEND\\vendor\\laravel\\framework\\src\\Illuminate\\Http\\Middleware\\HandleCors.php(61): Illuminate\\Pipeline\\Pipeline->Illuminate\\Pipeline\\{closure}(Object(Illuminate\\Http\\Request))
#43 C:\\xampp\\htdocs\\Repositorio_Grupal\\PSiga_2823506\\CODIGO PROYECTO\\BACKEND\\vendor\\laravel\\framework\\src\\Illuminate\\Pipeline\\Pipeline.php(208): Illuminate\\Http\\Middleware\\HandleCors->handle(Object(Illuminate\\Http\\Request), Object(Closure))
#44 C:\\xampp\\htdocs\\Repositorio_Grupal\\PSiga_2823506\\CODIGO PROYECTO\\BACKEND\\vendor\\laravel\\framework\\src\\Illuminate\\Http\\Middleware\\TrustProxies.php(58): Illuminate\\Pipeline\\Pipeline->Illuminate\\Pipeline\\{closure}(Object(Illuminate\\Http\\Request))
#45 C:\\xampp\\htdocs\\Repositorio_Grupal\\PSiga_2823506\\CODIGO PROYECTO\\BACKEND\\vendor\\laravel\\framework\\src\\Illuminate\\Pipeline\\Pipeline.php(208): Illuminate\\Http\\Middleware\\TrustProxies->handle(Object(Illuminate\\Http\\Request), Object(Closure))
#46 C:\\xampp\\htdocs\\Repositorio_Grupal\\PSiga_2823506\\CODIGO PROYECTO\\BACKEND\\vendor\\laravel\\framework\\src\\Illuminate\\Foundation\\Http\\Middleware\\InvokeDeferredCallbacks.php(22): Illuminate\\Pipeline\\Pipeline->Illuminate\\Pipeline\\{closure}(Object(Illuminate\\Http\\Request))
#47 C:\\xampp\\htdocs\\Repositorio_Grupal\\PSiga_2823506\\CODIGO PROYECTO\\BACKEND\\vendor\\laravel\\framework\\src\\Illuminate\\Pipeline\\Pipeline.php(208): Illuminate\\Foundation\\Http\\Middleware\\InvokeDeferredCallbacks->handle(Object(Illuminate\\Http\\Request), Object(Closure))
#48 C:\\xampp\\htdocs\\Repositorio_Grupal\\PSiga_2823506\\CODIGO PROYECTO\\BACKEND\\vendor\\laravel\\framework\\src\\Illuminate\\Http\\Middleware\\ValidatePathEncoding.php(26): Illuminate\\Pipeline\\Pipeline->Illuminate\\Pipeline\\{closure}(Object(Illuminate\\Http\\Request))
#49 C:\\xampp\\htdocs\\Repositorio_Grupal\\PSiga_2823506\\CODIGO PROYECTO\\BACKEND\\vendor\\laravel\\framework\\src\\Illuminate\\Pipeline\\Pipeline.php(208): Illuminate\\Http\\Middleware\\ValidatePathEncoding->handle(Object(Illuminate\\Http\\Request), Object(Closure))
#50 C:\\xampp\\htdocs\\Repositorio_Grupal\\PSiga_2823506\\CODIGO PROYECTO\\BACKEND\\vendor\\laravel\\framework\\src\\Illuminate\\Pipeline\\Pipeline.php(126): Illuminate\\Pipeline\\Pipeline->Illuminate\\Pipeline\\{closure}(Object(Illuminate\\Http\\Request))
#51 C:\\xampp\\htdocs\\Repositorio_Grupal\\PSiga_2823506\\CODIGO PROYECTO\\BACKEND\\vendor\\laravel\\framework\\src\\Illuminate\\Foundation\\Http\\Kernel.php(175): Illuminate\\Pipeline\\Pipeline->then(Object(Closure))
#52 C:\\xampp\\htdocs\\Repositorio_Grupal\\PSiga_2823506\\CODIGO PROYECTO\\BACKEND\\vendor\\laravel\\framework\\src\\Illuminate\\Foundation\\Http\\Kernel.php(144): Illuminate\\Foundation\\Http\\Kernel->sendRequestThroughRouter(Object(Illuminate\\Http\\Request))
#53 C:\\xampp\\htdocs\\Repositorio_Grupal\\PSiga_2823506\\CODIGO PROYECTO\\BACKEND\\vendor\\laravel\\framework\\src\\Illuminate\\Foundation\\Application.php(1219): Illuminate\\Foundation\\Http\\Kernel->handle(Object(Illuminate\\Http\\Request))
#54 C:\\xampp\\htdocs\\Repositorio_Grupal\\PSiga_2823506\\CODIGO PROYECTO\\BACKEND\\public\\index.php(20): Illuminate\\Foundation\\Application->handleRequest(Object(Illuminate\\Http\\Request))
#55 C:\\xampp\\htdocs\\Repositorio_Grupal\\PSiga_2823506\\CODIGO PROYECTO\\BACKEND\\vendor\\laravel\\framework\\src\\Illuminate\\Foundation\\resources\\server.php(23): require_once('C:\\\\xampp\\\\htdocs...')
#56 {main}

[previous exception] [object] (PDOException(code: 42S02): SQLSTATE[42S02]: Base table or view not found: 1146 Table 'siga.asignatura' doesn't exist at C:\\xampp\\htdocs\\Repositorio_Grupal\\PSiga_2823506\\CODIGO PROYECTO\\BACKEND\\vendor\\laravel\\framework\\src\\Illuminate\\Database\\Connection.php:404)
[stacktrace]
#0 C:\\xampp\\htdocs\\Repositorio_Grupal\\PSiga_2823506\\CODIGO PROYECTO\\BACKEND\\vendor\\laravel\\framework\\src\\Illuminate\\Database\\Connection.php(404): PDO->prepare('select count(*)...')
#1 C:\\xampp\\htdocs\\Repositorio_Grupal\\PSiga_2823506\\CODIGO PROYECTO\\BACKEND\\vendor\\laravel\\framework\\src\\Illuminate\\Database\\Connection.php(809): Illuminate\\Database\\Connection->Illuminate\\Database\\{closure}('select count(*)...', Array)
#2 C:\\xampp\\htdocs\\Repositorio_Grupal\\PSiga_2823506\\CODIGO PROYECTO\\BACKEND\\vendor\\laravel\\framework\\src\\Illuminate\\Database\\Connection.php(776): Illuminate\\Database\\Connection->runQueryCallback('select count(*)...', Array, Object(Closure))
#3 C:\\xampp\\htdocs\\Repositorio_Grupal\\PSiga_2823506\\CODIGO PROYECTO\\BACKEND\\vendor\\laravel\\framework\\src\\Illuminate\\Database\\Connection.php(395): Illuminate\\Database\\Connection->run('select count(*)...', Array, Object(Closure))
#4 C:\\xampp\\htdocs\\Repositorio_Grupal\\PSiga_2823506\\CODIGO PROYECTO\\BACKEND\\vendor\\laravel\\framework\\src\\Illuminate\\Database\\Query\\Builder.php(3107): Illuminate\\Database\\Connection->select('select count(*)...', Array, false)
#5 C:\\xampp\\htdocs\\Repositorio_Grupal\\PSiga_2823506\\CODIGO PROYECTO\\BACKEND\\vendor\\laravel\\framework\\src\\Illuminate\\Database\\Query\\Builder.php(3092): Illuminate\\Database\\Query\\Builder->runSelect()
#6 C:\\xampp\\htdocs\\Repositorio_Grupal\\PSiga_2823506\\CODIGO PROYECTO\\BACKEND\\vendor\\laravel\\framework\\src\\Illuminate\\Database\\Query\\Builder.php(3679): Illuminate\\Database\\Query\\Builder->Illuminate\\Database\\Query\\{closure}()
#7 C:\\xampp\\htdocs\\Repositorio_Grupal\\PSiga_2823506\\CODIGO PROYECTO\\BACKEND\\vendor\\laravel\\framework\\src\\Illuminate\\Database\\Query\\Builder.php(3091): Illuminate\\Database\\Query\\Builder->onceWithColumns(Array, Object(Closure))
#8 C:\\xampp\\htdocs\\Repositorio_Grupal\\PSiga_2823506\\CODIGO PROYECTO\\BACKEND\\vendor\\laravel\\framework\\src\\Illuminate\\Database\\Query\\Builder.php(3605): Illuminate\\Database\\Query\\Builder->get(Array)
#9 C:\\xampp\\htdocs\\Repositorio_Grupal\\PSiga_2823506\\CODIGO PROYECTO\\BACKEND\\vendor\\laravel\\framework\\src\\Illuminate\\Database\\Query\\Builder.php(3533): Illuminate\\Database\\Query\\Builder->aggregate('count', Array)
#10 C:\\xampp\\htdocs\\Repositorio_Grupal\\PSiga_2823506\\CODIGO PROYECTO\\BACKEND\\vendor\\laravel\\framework\\src\\Illuminate\\Validation\\DatabasePresenceVerifier.php(53): Illuminate\\Database\\Query\\Builder->count()
#11 C:\\xampp\\htdocs\\Repositorio_Grupal\\PSiga_2823506\\CODIGO PROYECTO\\BACKEND\\vendor\\laravel\\framework\\src\\Illuminate\\Validation\\Concerns\\ValidatesAttributes.php(984): Illuminate\\Validation\\DatabasePresenceVerifier->getCount('asignatura', 'id', '1', NULL, NULL, Array)
#12 C:\\xampp\\htdocs\\Repositorio_Grupal\\PSiga_2823506\\CODIGO PROYECTO\\BACKEND\\vendor\\laravel\\framework\\src\\Illuminate\\Validation\\Concerns\\ValidatesAttributes.php(955): Illuminate\\Validation\\Validator->getExistCount(NULL, 'asignatura', 'id', '1', Array)
#13 C:\\xampp\\htdocs\\Repositorio_Grupal\\PSiga_2823506\\CODIGO PROYECTO\\BACKEND\\vendor\\laravel\\framework\\src\\Illuminate\\Validation\\Validator.php(685): Illuminate\\Validation\\Validator->validateExists('asignatura_id', '1', Array, Object(Illuminate\\Validation\\Validator))
#14 C:\\xampp\\htdocs\\Repositorio_Grupal\\PSiga_2823506\\CODIGO PROYECTO\\BACKEND\\vendor\\laravel\\framework\\src\\Illuminate\\Validation\\Validator.php(480): Illuminate\\Validation\\Validator->validateAttribute('asignatura_id', 'Exists')
#15 C:\\xampp\\htdocs\\Repositorio_Grupal\\PSiga_2823506\\CODIGO PROYECTO\\BACKEND\\vendor\\laravel\\framework\\src\\Illuminate\\Validation\\Validator.php(515): Illuminate\\Validation\\Validator->passes()
#16 C:\\xampp\\htdocs\\Repositorio_Grupal\\PSiga_2823506\\CODIGO PROYECTO\\BACKEND\\vendor\\laravel\\framework\\src\\Illuminate\\Validation\\Validator.php(557): Illuminate\\Validation\\Validator->fails()
#17 C:\\xampp\\htdocs\\Repositorio_Grupal\\PSiga_2823506\\CODIGO PROYECTO\\BACKEND\\vendor\\laravel\\framework\\src\\Illuminate\\Foundation\\Providers\\FoundationServiceProvider.php(155): Illuminate\\Validation\\Validator->validate()
#18 C:\\xampp\\htdocs\\Repositorio_Grupal\\PSiga_2823506\\CODIGO PROYECTO\\BACKEND\\vendor\\laravel\\framework\\src\\Illuminate\\Macroable\\Traits\\Macroable.php(126): Illuminate\\Http\\Request->Illuminate\\Foundation\\Providers\\{closure}(Array)
#19 C:\\xampp\\htdocs\\Repositorio_Grupal\\PSiga_2823506\\CODIGO PROYECTO\\BACKEND\\app\\Http\\Controllers\\ClaseController.php(14): Illuminate\\Http\\Request->__call('validate', Array)
#20 C:\\xampp\\htdocs\\Repositorio_Grupal\\PSiga_2823506\\CODIGO PROYECTO\\BACKEND\\vendor\\laravel\\framework\\src\\Illuminate\\Routing\\ControllerDispatcher.php(46): App\\Http\\Controllers\\ClaseController->store(Object(Illuminate\\Http\\Request))
#21 C:\\xampp\\htdocs\\Repositorio_Grupal\\PSiga_2823506\\CODIGO PROYECTO\\BACKEND\\vendor\\laravel\\framework\\src\\Illuminate\\Routing\\Route.php(265): Illuminate\\Routing\\ControllerDispatcher->dispatch(Object(Illuminate\\Routing\\Route), Object(App\\Http\\Controllers\\ClaseController), 'store')
#22 C:\\xampp\\htdocs\\Repositorio_Grupal\\PSiga_2823506\\CODIGO PROYECTO\\BACKEND\\vendor\\laravel\\framework\\src\\Illuminate\\Routing\\Route.php(211): Illuminate\\Routing\\Route->runController()
#23 C:\\xampp\\htdocs\\Repositorio_Grupal\\PSiga_2823506\\CODIGO PROYECTO\\BACKEND\\vendor\\laravel\\framework\\src\\Illuminate\\Routing\\Router.php(808): Illuminate\\Routing\\Route->run()
#24 C:\\xampp\\htdocs\\Repositorio_Grupal\\PSiga_2823506\\CODIGO PROYECTO\\BACKEND\\vendor\\laravel\\framework\\src\\Illuminate\\Pipeline\\Pipeline.php(169): Illuminate\\Routing\\Router->Illuminate\\Routing\\{closure}(Object(Illuminate\\Http\\Request))
#25 C:\\xampp\\htdocs\\Repositorio_Grupal\\PSiga_2823506\\CODIGO PROYECTO\\BACKEND\\vendor\\laravel\\framework\\src\\Illuminate\\Routing\\Middleware\\SubstituteBindings.php(50): Illuminate\\Pipeline\\Pipeline->Illuminate\\Pipeline\\{closure}(Object(Illuminate\\Http\\Request))
#26 C:\\xampp\\htdocs\\Repositorio_Grupal\\PSiga_2823506\\CODIGO PROYECTO\\BACKEND\\vendor\\laravel\\framework\\src\\Illuminate\\Pipeline\\Pipeline.php(208): Illuminate\\Routing\\Middleware\\SubstituteBindings->handle(Object(Illuminate\\Http\\Request), Object(Closure))
#27 C:\\xampp\\htdocs\\Repositorio_Grupal\\PSiga_2823506\\CODIGO PROYECTO\\BACKEND\\vendor\\laravel\\framework\\src\\Illuminate\\Pipeline\\Pipeline.php(126): Illuminate\\Pipeline\\Pipeline->Illuminate\\Pipeline\\{closure}(Object(Illuminate\\Http\\Request))
#28 C:\\xampp\\htdocs\\Repositorio_Grupal\\PSiga_2823506\\CODIGO PROYECTO\\BACKEND\\vendor\\laravel\\framework\\src\\Illuminate\\Routing\\Router.php(807): Illuminate\\Pipeline\\Pipeline->then(Object(Closure))
#29 C:\\xampp\\htdocs\\Repositorio_Grupal\\PSiga_2823506\\CODIGO PROYECTO\\BACKEND\\vendor\\laravel\\framework\\src\\Illuminate\\Routing\\Router.php(786): Illuminate\\Routing\\Router->runRouteWithinStack(Object(Illuminate\\Routing\\Route), Object(Illuminate\\Http\\Request))
#30 C:\\xampp\\htdocs\\Repositorio_Grupal\\PSiga_2823506\\CODIGO PROYECTO\\BACKEND\\vendor\\laravel\\framework\\src\\Illuminate\\Routing\\Router.php(750): Illuminate\\Routing\\Router->runRoute(Object(Illuminate\\Http\\Request), Object(Illuminate\\Routing\\Route))
#31 C:\\xampp\\htdocs\\Repositorio_Grupal\\PSiga_2823506\\CODIGO PROYECTO\\BACKEND\\vendor\\laravel\\framework\\src\\Illuminate\\Routing\\Router.php(739): Illuminate\\Routing\\Router->dispatchToRoute(Object(Illuminate\\Http\\Request))
#32 C:\\xampp\\htdocs\\Repositorio_Grupal\\PSiga_2823506\\CODIGO PROYECTO\\BACKEND\\vendor\\laravel\\framework\\src\\Illuminate\\Foundation\\Http\\Kernel.php(200): Illuminate\\Routing\\Router->dispatch(Object(Illuminate\\Http\\Request))
#33 C:\\xampp\\htdocs\\Repositorio_Grupal\\PSiga_2823506\\CODIGO PROYECTO\\BACKEND\\vendor\\laravel\\framework\\src\\Illuminate\\Pipeline\\Pipeline.php(169): Illuminate\\Foundation\\Http\\Kernel->Illuminate\\Foundation\\Http\\{closure}(Object(Illuminate\\Http\\Request))
#34 C:\\xampp\\htdocs\\Repositorio_Grupal\\PSiga_2823506\\CODIGO PROYECTO\\BACKEND\\vendor\\laravel\\framework\\src\\Illuminate\\Foundation\\Http\\Middleware\\TransformsRequest.php(21): Illuminate\\Pipeline\\Pipeline->Illuminate\\Pipeline\\{closure}(Object(Illuminate\\Http\\Request))
#35 C:\\xampp\\htdocs\\Repositorio_Grupal\\PSiga_2823506\\CODIGO PROYECTO\\BACKEND\\vendor\\laravel\\framework\\src\\Illuminate\\Foundation\\Http\\Middleware\\ConvertEmptyStringsToNull.php(31): Illuminate\\Foundation\\Http\\Middleware\\TransformsRequest->handle(Object(Illuminate\\Http\\Request), Object(Closure))
#36 C:\\xampp\\htdocs\\Repositorio_Grupal\\PSiga_2823506\\CODIGO PROYECTO\\BACKEND\\vendor\\laravel\\framework\\src\\Illuminate\\Pipeline\\Pipeline.php(208): Illuminate\\Foundation\\Http\\Middleware\\ConvertEmptyStringsToNull->handle(Object(Illuminate\\Http\\Request), Object(Closure))
#37 C:\\xampp\\htdocs\\Repositorio_Grupal\\PSiga_2823506\\CODIGO PROYECTO\\BACKEND\\vendor\\laravel\\framework\\src\\Illuminate\\Foundation\\Http\\Middleware\\TransformsRequest.php(21): Illuminate\\Pipeline\\Pipeline->Illuminate\\Pipeline\\{closure}(Object(Illuminate\\Http\\Request))
#38 C:\\xampp\\htdocs\\Repositorio_Grupal\\PSiga_2823506\\CODIGO PROYECTO\\BACKEND\\vendor\\laravel\\framework\\src\\Illuminate\\Foundation\\Http\\Middleware\\TrimStrings.php(51): Illuminate\\Foundation\\Http\\Middleware\\TransformsRequest->handle(Object(Illuminate\\Http\\Request), Object(Closure))
#39 C:\\xampp\\htdocs\\Repositorio_Grupal\\PSiga_2823506\\CODIGO PROYECTO\\BACKEND\\vendor\\laravel\\framework\\src\\Illuminate\\Pipeline\\Pipeline.php(208): Illuminate\\Foundation\\Http\\Middleware\\TrimStrings->handle(Object(Illuminate\\Http\\Request), Object(Closure))
#40 C:\\xampp\\htdocs\\Repositorio_Grupal\\PSiga_2823506\\CODIGO PROYECTO\\BACKEND\\vendor\\laravel\\framework\\src\\Illuminate\\Http\\Middleware\\ValidatePostSize.php(27): Illuminate\\Pipeline\\Pipeline->Illuminate\\Pipeline\\{closure}(Object(Illuminate\\Http\\Request))
#41 C:\\xampp\\htdocs\\Repositorio_Grupal\\PSiga_2823506\\CODIGO PROYECTO\\BACKEND\\vendor\\laravel\\framework\\src\\Illuminate\\Pipeline\\Pipeline.php(208): Illuminate\\Http\\Middleware\\ValidatePostSize->handle(Object(Illuminate\\Http\\Request), Object(Closure))
#42 C:\\xampp\\htdocs\\Repositorio_Grupal\\PSiga_2823506\\CODIGO PROYECTO\\BACKEND\\vendor\\laravel\\framework\\src\\Illuminate\\Foundation\\Http\\Middleware\\PreventRequestsDuringMaintenance.php(109): Illuminate\\Pipeline\\Pipeline->Illuminate\\Pipeline\\{closure}(Object(Illuminate\\Http\\Request))
#43 C:\\xampp\\htdocs\\Repositorio_Grupal\\PSiga_2823506\\CODIGO PROYECTO\\BACKEND\\vendor\\laravel\\framework\\src\\Illuminate\\Pipeline\\Pipeline.php(208): Illuminate\\Foundation\\Http\\Middleware\\PreventRequestsDuringMaintenance->handle(Object(Illuminate\\Http\\Request), Object(Closure))
#44 C:\\xampp\\htdocs\\Repositorio_Grupal\\PSiga_2823506\\CODIGO PROYECTO\\BACKEND\\vendor\\laravel\\framework\\src\\Illuminate\\Http\\Middleware\\HandleCors.php(61): Illuminate\\Pipeline\\Pipeline->Illuminate\\Pipeline\\{closure}(Object(Illuminate\\Http\\Request))
#45 C:\\xampp\\htdocs\\Repositorio_Grupal\\PSiga_2823506\\CODIGO PROYECTO\\BACKEND\\vendor\\laravel\\framework\\src\\Illuminate\\Pipeline\\Pipeline.php(208): Illuminate\\Http\\Middleware\\HandleCors->handle(Object(Illuminate\\Http\\Request), Object(Closure))
#46 C:\\xampp\\htdocs\\Repositorio_Grupal\\PSiga_2823506\\CODIGO PROYECTO\\BACKEND\\vendor\\laravel\\framework\\src\\Illuminate\\Http\\Middleware\\TrustProxies.php(58): Illuminate\\Pipeline\\Pipeline->Illuminate\\Pipeline\\{closure}(Object(Illuminate\\Http\\Request))
#47 C:\\xampp\\htdocs\\Repositorio_Grupal\\PSiga_2823506\\CODIGO PROYECTO\\BACKEND\\vendor\\laravel\\framework\\src\\Illuminate\\Pipeline\\Pipeline.php(208): Illuminate\\Http\\Middleware\\TrustProxies->handle(Object(Illuminate\\Http\\Request), Object(Closure))
#48 C:\\xampp\\htdocs\\Repositorio_Grupal\\PSiga_2823506\\CODIGO PROYECTO\\BACKEND\\vendor\\laravel\\framework\\src\\Illuminate\\Foundation\\Http\\Middleware\\InvokeDeferredCallbacks.php(22): Illuminate\\Pipeline\\Pipeline->Illuminate\\Pipeline\\{closure}(Object(Illuminate\\Http\\Request))
#49 C:\\xampp\\htdocs\\Repositorio_Grupal\\PSiga_2823506\\CODIGO PROYECTO\\BACKEND\\vendor\\laravel\\framework\\src\\Illuminate\\Pipeline\\Pipeline.php(208): Illuminate\\Foundation\\Http\\Middleware\\InvokeDeferredCallbacks->handle(Object(Illuminate\\Http\\Request), Object(Closure))
#50 C:\\xampp\\htdocs\\Repositorio_Grupal\\PSiga_2823506\\CODIGO PROYECTO\\BACKEND\\vendor\\laravel\\framework\\src\\Illuminate\\Http\\Middleware\\ValidatePathEncoding.php(26): Illuminate\\Pipeline\\Pipeline->Illuminate\\Pipeline\\{closure}(Object(Illuminate\\Http\\Request))
#51 C:\\xampp\\htdocs\\Repositorio_Grupal\\PSiga_2823506\\CODIGO PROYECTO\\BACKEND\\vendor\\laravel\\framework\\src\\Illuminate\\Pipeline\\Pipeline.php(208): Illuminate\\Http\\Middleware\\ValidatePathEncoding->handle(Object(Illuminate\\Http\\Request), Object(Closure))
#52 C:\\xampp\\htdocs\\Repositorio_Grupal\\PSiga_2823506\\CODIGO PROYECTO\\BACKEND\\vendor\\laravel\\framework\\src\\Illuminate\\Pipeline\\Pipeline.php(126): Illuminate\\Pipeline\\Pipeline->Illuminate\\Pipeline\\{closure}(Object(Illuminate\\Http\\Request))
#53 C:\\xampp\\htdocs\\Repositorio_Grupal\\PSiga_2823506\\CODIGO PROYECTO\\BACKEND\\vendor\\laravel\\framework\\src\\Illuminate\\Foundation\\Http\\Kernel.php(175): Illuminate\\Pipeline\\Pipeline->then(Object(Closure))
#54 C:\\xampp\\htdocs\\Repositorio_Grupal\\PSiga_2823506\\CODIGO PROYECTO\\BACKEND\\vendor\\laravel\\framework\\src\\Illuminate\\Foundation\\Http\\Kernel.php(144): Illuminate\\Foundation\\Http\\Kernel->sendRequestThroughRouter(Object(Illuminate\\Http\\Request))
#55 C:\\xampp\\htdocs\\Repositorio_Grupal\\PSiga_2823506\\CODIGO PROYECTO\\BACKEND\\vendor\\laravel\\framework\\src\\Illuminate\\Foundation\\Application.php(1219): Illuminate\\Foundation\\Http\\Kernel->handle(Object(Illuminate\\Http\\Request))
#56 C:\\xampp\\htdocs\\Repositorio_Grupal\\PSiga_2823506\\CODIGO PROYECTO\\BACKEND\\public\\index.php(20): Illuminate\\Foundation\\Application->handleRequest(Object(Illuminate\\Http\\Request))
#57 C:\\xampp\\htdocs\\Repositorio_Grupal\\PSiga_2823506\\CODIGO PROYECTO\\BACKEND\\vendor\\laravel\\framework\\src\\Illuminate\\Foundation\\resources\\server.php(23): require_once('C:\\\\xampp\\\\htdocs...')
#58 {main}
"} 
[2025-05-12 18:37:23] local.ERROR: SQLSTATE[42S02]: Base table or view not found: 1146 Table 'siga.asignatura' doesn't exist (Connection: mysql, SQL: select count(*) as aggregate from `asignatura` where `id` = 1) {"exception":"[object] (Illuminate\\Database\\QueryException(code: 42S02): SQLSTATE[42S02]: Base table or view not found: 1146 Table 'siga.asignatura' doesn't exist (Connection: mysql, SQL: select count(*) as aggregate from `asignatura` where `id` = 1) at C:\\xampp\\htdocs\\Repositorio_Grupal\\PSiga_2823506\\CODIGO PROYECTO\\BACKEND\\vendor\\laravel\\framework\\src\\Illuminate\\Database\\Connection.php:822)
[stacktrace]
#0 C:\\xampp\\htdocs\\Repositorio_Grupal\\PSiga_2823506\\CODIGO PROYECTO\\BACKEND\\vendor\\laravel\\framework\\src\\Illuminate\\Database\\Connection.php(776): Illuminate\\Database\\Connection->runQueryCallback('select count(*)...', Array, Object(Closure))
#1 C:\\xampp\\htdocs\\Repositorio_Grupal\\PSiga_2823506\\CODIGO PROYECTO\\BACKEND\\vendor\\laravel\\framework\\src\\Illuminate\\Database\\Connection.php(395): Illuminate\\Database\\Connection->run('select count(*)...', Array, Object(Closure))
#2 C:\\xampp\\htdocs\\Repositorio_Grupal\\PSiga_2823506\\CODIGO PROYECTO\\BACKEND\\vendor\\laravel\\framework\\src\\Illuminate\\Database\\Query\\Builder.php(3107): Illuminate\\Database\\Connection->select('select count(*)...', Array, false)
#3 C:\\xampp\\htdocs\\Repositorio_Grupal\\PSiga_2823506\\CODIGO PROYECTO\\BACKEND\\vendor\\laravel\\framework\\src\\Illuminate\\Database\\Query\\Builder.php(3092): Illuminate\\Database\\Query\\Builder->runSelect()
#4 C:\\xampp\\htdocs\\Repositorio_Grupal\\PSiga_2823506\\CODIGO PROYECTO\\BACKEND\\vendor\\laravel\\framework\\src\\Illuminate\\Database\\Query\\Builder.php(3679): Illuminate\\Database\\Query\\Builder->Illuminate\\Database\\Query\\{closure}()
#5 C:\\xampp\\htdocs\\Repositorio_Grupal\\PSiga_2823506\\CODIGO PROYECTO\\BACKEND\\vendor\\laravel\\framework\\src\\Illuminate\\Database\\Query\\Builder.php(3091): Illuminate\\Database\\Query\\Builder->onceWithColumns(Array, Object(Closure))
#6 C:\\xampp\\htdocs\\Repositorio_Grupal\\PSiga_2823506\\CODIGO PROYECTO\\BACKEND\\vendor\\laravel\\framework\\src\\Illuminate\\Database\\Query\\Builder.php(3605): Illuminate\\Database\\Query\\Builder->get(Array)
#7 C:\\xampp\\htdocs\\Repositorio_Grupal\\PSiga_2823506\\CODIGO PROYECTO\\BACKEND\\vendor\\laravel\\framework\\src\\Illuminate\\Database\\Query\\Builder.php(3533): Illuminate\\Database\\Query\\Builder->aggregate('count', Array)
#8 C:\\xampp\\htdocs\\Repositorio_Grupal\\PSiga_2823506\\CODIGO PROYECTO\\BACKEND\\vendor\\laravel\\framework\\src\\Illuminate\\Validation\\DatabasePresenceVerifier.php(53): Illuminate\\Database\\Query\\Builder->count()
#9 C:\\xampp\\htdocs\\Repositorio_Grupal\\PSiga_2823506\\CODIGO PROYECTO\\BACKEND\\vendor\\laravel\\framework\\src\\Illuminate\\Validation\\Concerns\\ValidatesAttributes.php(984): Illuminate\\Validation\\DatabasePresenceVerifier->getCount('asignatura', 'id', '1', NULL, NULL, Array)
#10 C:\\xampp\\htdocs\\Repositorio_Grupal\\PSiga_2823506\\CODIGO PROYECTO\\BACKEND\\vendor\\laravel\\framework\\src\\Illuminate\\Validation\\Concerns\\ValidatesAttributes.php(955): Illuminate\\Validation\\Validator->getExistCount(NULL, 'asignatura', 'id', '1', Array)
#11 C:\\xampp\\htdocs\\Repositorio_Grupal\\PSiga_2823506\\CODIGO PROYECTO\\BACKEND\\vendor\\laravel\\framework\\src\\Illuminate\\Validation\\Validator.php(685): Illuminate\\Validation\\Validator->validateExists('asignatura_id', '1', Array, Object(Illuminate\\Validation\\Validator))
#12 C:\\xampp\\htdocs\\Repositorio_Grupal\\PSiga_2823506\\CODIGO PROYECTO\\BACKEND\\vendor\\laravel\\framework\\src\\Illuminate\\Validation\\Validator.php(480): Illuminate\\Validation\\Validator->validateAttribute('asignatura_id', 'Exists')
#13 C:\\xampp\\htdocs\\Repositorio_Grupal\\PSiga_2823506\\CODIGO PROYECTO\\BACKEND\\vendor\\laravel\\framework\\src\\Illuminate\\Validation\\Validator.php(515): Illuminate\\Validation\\Validator->passes()
#14 C:\\xampp\\htdocs\\Repositorio_Grupal\\PSiga_2823506\\CODIGO PROYECTO\\BACKEND\\vendor\\laravel\\framework\\src\\Illuminate\\Validation\\Validator.php(557): Illuminate\\Validation\\Validator->fails()
#15 C:\\xampp\\htdocs\\Repositorio_Grupal\\PSiga_2823506\\CODIGO PROYECTO\\BACKEND\\vendor\\laravel\\framework\\src\\Illuminate\\Foundation\\Providers\\FoundationServiceProvider.php(155): Illuminate\\Validation\\Validator->validate()
#16 C:\\xampp\\htdocs\\Repositorio_Grupal\\PSiga_2823506\\CODIGO PROYECTO\\BACKEND\\vendor\\laravel\\framework\\src\\Illuminate\\Macroable\\Traits\\Macroable.php(126): Illuminate\\Http\\Request->Illuminate\\Foundation\\Providers\\{closure}(Array)
#17 C:\\xampp\\htdocs\\Repositorio_Grupal\\PSiga_2823506\\CODIGO PROYECTO\\BACKEND\\app\\Http\\Controllers\\ClaseController.php(14): Illuminate\\Http\\Request->__call('validate', Array)
#18 C:\\xampp\\htdocs\\Repositorio_Grupal\\PSiga_2823506\\CODIGO PROYECTO\\BACKEND\\vendor\\laravel\\framework\\src\\Illuminate\\Routing\\ControllerDispatcher.php(46): App\\Http\\Controllers\\ClaseController->store(Object(Illuminate\\Http\\Request))
#19 C:\\xampp\\htdocs\\Repositorio_Grupal\\PSiga_2823506\\CODIGO PROYECTO\\BACKEND\\vendor\\laravel\\framework\\src\\Illuminate\\Routing\\Route.php(265): Illuminate\\Routing\\ControllerDispatcher->dispatch(Object(Illuminate\\Routing\\Route), Object(App\\Http\\Controllers\\ClaseController), 'store')
#20 C:\\xampp\\htdocs\\Repositorio_Grupal\\PSiga_2823506\\CODIGO PROYECTO\\BACKEND\\vendor\\laravel\\framework\\src\\Illuminate\\Routing\\Route.php(211): Illuminate\\Routing\\Route->runController()
#21 C:\\xampp\\htdocs\\Repositorio_Grupal\\PSiga_2823506\\CODIGO PROYECTO\\BACKEND\\vendor\\laravel\\framework\\src\\Illuminate\\Routing\\Router.php(808): Illuminate\\Routing\\Route->run()
#22 C:\\xampp\\htdocs\\Repositorio_Grupal\\PSiga_2823506\\CODIGO PROYECTO\\BACKEND\\vendor\\laravel\\framework\\src\\Illuminate\\Pipeline\\Pipeline.php(169): Illuminate\\Routing\\Router->Illuminate\\Routing\\{closure}(Object(Illuminate\\Http\\Request))
#23 C:\\xampp\\htdocs\\Repositorio_Grupal\\PSiga_2823506\\CODIGO PROYECTO\\BACKEND\\vendor\\laravel\\framework\\src\\Illuminate\\Routing\\Middleware\\SubstituteBindings.php(50): Illuminate\\Pipeline\\Pipeline->Illuminate\\Pipeline\\{closure}(Object(Illuminate\\Http\\Request))
#24 C:\\xampp\\htdocs\\Repositorio_Grupal\\PSiga_2823506\\CODIGO PROYECTO\\BACKEND\\vendor\\laravel\\framework\\src\\Illuminate\\Pipeline\\Pipeline.php(208): Illuminate\\Routing\\Middleware\\SubstituteBindings->handle(Object(Illuminate\\Http\\Request), Object(Closure))
#25 C:\\xampp\\htdocs\\Repositorio_Grupal\\PSiga_2823506\\CODIGO PROYECTO\\BACKEND\\vendor\\laravel\\framework\\src\\Illuminate\\Pipeline\\Pipeline.php(126): Illuminate\\Pipeline\\Pipeline->Illuminate\\Pipeline\\{closure}(Object(Illuminate\\Http\\Request))
#26 C:\\xampp\\htdocs\\Repositorio_Grupal\\PSiga_2823506\\CODIGO PROYECTO\\BACKEND\\vendor\\laravel\\framework\\src\\Illuminate\\Routing\\Router.php(807): Illuminate\\Pipeline\\Pipeline->then(Object(Closure))
#27 C:\\xampp\\htdocs\\Repositorio_Grupal\\PSiga_2823506\\CODIGO PROYECTO\\BACKEND\\vendor\\laravel\\framework\\src\\Illuminate\\Routing\\Router.php(786): Illuminate\\Routing\\Router->runRouteWithinStack(Object(Illuminate\\Routing\\Route), Object(Illuminate\\Http\\Request))
#28 C:\\xampp\\htdocs\\Repositorio_Grupal\\PSiga_2823506\\CODIGO PROYECTO\\BACKEND\\vendor\\laravel\\framework\\src\\Illuminate\\Routing\\Router.php(750): Illuminate\\Routing\\Router->runRoute(Object(Illuminate\\Http\\Request), Object(Illuminate\\Routing\\Route))
#29 C:\\xampp\\htdocs\\Repositorio_Grupal\\PSiga_2823506\\CODIGO PROYECTO\\BACKEND\\vendor\\laravel\\framework\\src\\Illuminate\\Routing\\Router.php(739): Illuminate\\Routing\\Router->dispatchToRoute(Object(Illuminate\\Http\\Request))
#30 C:\\xampp\\htdocs\\Repositorio_Grupal\\PSiga_2823506\\CODIGO PROYECTO\\BACKEND\\vendor\\laravel\\framework\\src\\Illuminate\\Foundation\\Http\\Kernel.php(200): Illuminate\\Routing\\Router->dispatch(Object(Illuminate\\Http\\Request))
#31 C:\\xampp\\htdocs\\Repositorio_Grupal\\PSiga_2823506\\CODIGO PROYECTO\\BACKEND\\vendor\\laravel\\framework\\src\\Illuminate\\Pipeline\\Pipeline.php(169): Illuminate\\Foundation\\Http\\Kernel->Illuminate\\Foundation\\Http\\{closure}(Object(Illuminate\\Http\\Request))
#32 C:\\xampp\\htdocs\\Repositorio_Grupal\\PSiga_2823506\\CODIGO PROYECTO\\BACKEND\\vendor\\laravel\\framework\\src\\Illuminate\\Foundation\\Http\\Middleware\\TransformsRequest.php(21): Illuminate\\Pipeline\\Pipeline->Illuminate\\Pipeline\\{closure}(Object(Illuminate\\Http\\Request))
#33 C:\\xampp\\htdocs\\Repositorio_Grupal\\PSiga_2823506\\CODIGO PROYECTO\\BACKEND\\vendor\\laravel\\framework\\src\\Illuminate\\Foundation\\Http\\Middleware\\ConvertEmptyStringsToNull.php(31): Illuminate\\Foundation\\Http\\Middleware\\TransformsRequest->handle(Object(Illuminate\\Http\\Request), Object(Closure))
#34 C:\\xampp\\htdocs\\Repositorio_Grupal\\PSiga_2823506\\CODIGO PROYECTO\\BACKEND\\vendor\\laravel\\framework\\src\\Illuminate\\Pipeline\\Pipeline.php(208): Illuminate\\Foundation\\Http\\Middleware\\ConvertEmptyStringsToNull->handle(Object(Illuminate\\Http\\Request), Object(Closure))
#35 C:\\xampp\\htdocs\\Repositorio_Grupal\\PSiga_2823506\\CODIGO PROYECTO\\BACKEND\\vendor\\laravel\\framework\\src\\Illuminate\\Foundation\\Http\\Middleware\\TransformsRequest.php(21): Illuminate\\Pipeline\\Pipeline->Illuminate\\Pipeline\\{closure}(Object(Illuminate\\Http\\Request))
#36 C:\\xampp\\htdocs\\Repositorio_Grupal\\PSiga_2823506\\CODIGO PROYECTO\\BACKEND\\vendor\\laravel\\framework\\src\\Illuminate\\Foundation\\Http\\Middleware\\TrimStrings.php(51): Illuminate\\Foundation\\Http\\Middleware\\TransformsRequest->handle(Object(Illuminate\\Http\\Request), Object(Closure))
#37 C:\\xampp\\htdocs\\Repositorio_Grupal\\PSiga_2823506\\CODIGO PROYECTO\\BACKEND\\vendor\\laravel\\framework\\src\\Illuminate\\Pipeline\\Pipeline.php(208): Illuminate\\Foundation\\Http\\Middleware\\TrimStrings->handle(Object(Illuminate\\Http\\Request), Object(Closure))
#38 C:\\xampp\\htdocs\\Repositorio_Grupal\\PSiga_2823506\\CODIGO PROYECTO\\BACKEND\\vendor\\laravel\\framework\\src\\Illuminate\\Http\\Middleware\\ValidatePostSize.php(27): Illuminate\\Pipeline\\Pipeline->Illuminate\\Pipeline\\{closure}(Object(Illuminate\\Http\\Request))
#39 C:\\xampp\\htdocs\\Repositorio_Grupal\\PSiga_2823506\\CODIGO PROYECTO\\BACKEND\\vendor\\laravel\\framework\\src\\Illuminate\\Pipeline\\Pipeline.php(208): Illuminate\\Http\\Middleware\\ValidatePostSize->handle(Object(Illuminate\\Http\\Request), Object(Closure))
#40 C:\\xampp\\htdocs\\Repositorio_Grupal\\PSiga_2823506\\CODIGO PROYECTO\\BACKEND\\vendor\\laravel\\framework\\src\\Illuminate\\Foundation\\Http\\Middleware\\PreventRequestsDuringMaintenance.php(109): Illuminate\\Pipeline\\Pipeline->Illuminate\\Pipeline\\{closure}(Object(Illuminate\\Http\\Request))
#41 C:\\xampp\\htdocs\\Repositorio_Grupal\\PSiga_2823506\\CODIGO PROYECTO\\BACKEND\\vendor\\laravel\\framework\\src\\Illuminate\\Pipeline\\Pipeline.php(208): Illuminate\\Foundation\\Http\\Middleware\\PreventRequestsDuringMaintenance->handle(Object(Illuminate\\Http\\Request), Object(Closure))
#42 C:\\xampp\\htdocs\\Repositorio_Grupal\\PSiga_2823506\\CODIGO PROYECTO\\BACKEND\\vendor\\laravel\\framework\\src\\Illuminate\\Http\\Middleware\\HandleCors.php(61): Illuminate\\Pipeline\\Pipeline->Illuminate\\Pipeline\\{closure}(Object(Illuminate\\Http\\Request))
#43 C:\\xampp\\htdocs\\Repositorio_Grupal\\PSiga_2823506\\CODIGO PROYECTO\\BACKEND\\vendor\\laravel\\framework\\src\\Illuminate\\Pipeline\\Pipeline.php(208): Illuminate\\Http\\Middleware\\HandleCors->handle(Object(Illuminate\\Http\\Request), Object(Closure))
#44 C:\\xampp\\htdocs\\Repositorio_Grupal\\PSiga_2823506\\CODIGO PROYECTO\\BACKEND\\vendor\\laravel\\framework\\src\\Illuminate\\Http\\Middleware\\TrustProxies.php(58): Illuminate\\Pipeline\\Pipeline->Illuminate\\Pipeline\\{closure}(Object(Illuminate\\Http\\Request))
#45 C:\\xampp\\htdocs\\Repositorio_Grupal\\PSiga_2823506\\CODIGO PROYECTO\\BACKEND\\vendor\\laravel\\framework\\src\\Illuminate\\Pipeline\\Pipeline.php(208): Illuminate\\Http\\Middleware\\TrustProxies->handle(Object(Illuminate\\Http\\Request), Object(Closure))
#46 C:\\xampp\\htdocs\\Repositorio_Grupal\\PSiga_2823506\\CODIGO PROYECTO\\BACKEND\\vendor\\laravel\\framework\\src\\Illuminate\\Foundation\\Http\\Middleware\\InvokeDeferredCallbacks.php(22): Illuminate\\Pipeline\\Pipeline->Illuminate\\Pipeline\\{closure}(Object(Illuminate\\Http\\Request))
#47 C:\\xampp\\htdocs\\Repositorio_Grupal\\PSiga_2823506\\CODIGO PROYECTO\\BACKEND\\vendor\\laravel\\framework\\src\\Illuminate\\Pipeline\\Pipeline.php(208): Illuminate\\Foundation\\Http\\Middleware\\InvokeDeferredCallbacks->handle(Object(Illuminate\\Http\\Request), Object(Closure))
#48 C:\\xampp\\htdocs\\Repositorio_Grupal\\PSiga_2823506\\CODIGO PROYECTO\\BACKEND\\vendor\\laravel\\framework\\src\\Illuminate\\Http\\Middleware\\ValidatePathEncoding.php(26): Illuminate\\Pipeline\\Pipeline->Illuminate\\Pipeline\\{closure}(Object(Illuminate\\Http\\Request))
#49 C:\\xampp\\htdocs\\Repositorio_Grupal\\PSiga_2823506\\CODIGO PROYECTO\\BACKEND\\vendor\\laravel\\framework\\src\\Illuminate\\Pipeline\\Pipeline.php(208): Illuminate\\Http\\Middleware\\ValidatePathEncoding->handle(Object(Illuminate\\Http\\Request), Object(Closure))
#50 C:\\xampp\\htdocs\\Repositorio_Grupal\\PSiga_2823506\\CODIGO PROYECTO\\BACKEND\\vendor\\laravel\\framework\\src\\Illuminate\\Pipeline\\Pipeline.php(126): Illuminate\\Pipeline\\Pipeline->Illuminate\\Pipeline\\{closure}(Object(Illuminate\\Http\\Request))
#51 C:\\xampp\\htdocs\\Repositorio_Grupal\\PSiga_2823506\\CODIGO PROYECTO\\BACKEND\\vendor\\laravel\\framework\\src\\Illuminate\\Foundation\\Http\\Kernel.php(175): Illuminate\\Pipeline\\Pipeline->then(Object(Closure))
#52 C:\\xampp\\htdocs\\Repositorio_Grupal\\PSiga_2823506\\CODIGO PROYECTO\\BACKEND\\vendor\\laravel\\framework\\src\\Illuminate\\Foundation\\Http\\Kernel.php(144): Illuminate\\Foundation\\Http\\Kernel->sendRequestThroughRouter(Object(Illuminate\\Http\\Request))
#53 C:\\xampp\\htdocs\\Repositorio_Grupal\\PSiga_2823506\\CODIGO PROYECTO\\BACKEND\\vendor\\laravel\\framework\\src\\Illuminate\\Foundation\\Application.php(1219): Illuminate\\Foundation\\Http\\Kernel->handle(Object(Illuminate\\Http\\Request))
#54 C:\\xampp\\htdocs\\Repositorio_Grupal\\PSiga_2823506\\CODIGO PROYECTO\\BACKEND\\public\\index.php(20): Illuminate\\Foundation\\Application->handleRequest(Object(Illuminate\\Http\\Request))
#55 C:\\xampp\\htdocs\\Repositorio_Grupal\\PSiga_2823506\\CODIGO PROYECTO\\BACKEND\\vendor\\laravel\\framework\\src\\Illuminate\\Foundation\\resources\\server.php(23): require_once('C:\\\\xampp\\\\htdocs...')
#56 {main}

[previous exception] [object] (PDOException(code: 42S02): SQLSTATE[42S02]: Base table or view not found: 1146 Table 'siga.asignatura' doesn't exist at C:\\xampp\\htdocs\\Repositorio_Grupal\\PSiga_2823506\\CODIGO PROYECTO\\BACKEND\\vendor\\laravel\\framework\\src\\Illuminate\\Database\\Connection.php:404)
[stacktrace]
#0 C:\\xampp\\htdocs\\Repositorio_Grupal\\PSiga_2823506\\CODIGO PROYECTO\\BACKEND\\vendor\\laravel\\framework\\src\\Illuminate\\Database\\Connection.php(404): PDO->prepare('select count(*)...')
#1 C:\\xampp\\htdocs\\Repositorio_Grupal\\PSiga_2823506\\CODIGO PROYECTO\\BACKEND\\vendor\\laravel\\framework\\src\\Illuminate\\Database\\Connection.php(809): Illuminate\\Database\\Connection->Illuminate\\Database\\{closure}('select count(*)...', Array)
#2 C:\\xampp\\htdocs\\Repositorio_Grupal\\PSiga_2823506\\CODIGO PROYECTO\\BACKEND\\vendor\\laravel\\framework\\src\\Illuminate\\Database\\Connection.php(776): Illuminate\\Database\\Connection->runQueryCallback('select count(*)...', Array, Object(Closure))
#3 C:\\xampp\\htdocs\\Repositorio_Grupal\\PSiga_2823506\\CODIGO PROYECTO\\BACKEND\\vendor\\laravel\\framework\\src\\Illuminate\\Database\\Connection.php(395): Illuminate\\Database\\Connection->run('select count(*)...', Array, Object(Closure))
#4 C:\\xampp\\htdocs\\Repositorio_Grupal\\PSiga_2823506\\CODIGO PROYECTO\\BACKEND\\vendor\\laravel\\framework\\src\\Illuminate\\Database\\Query\\Builder.php(3107): Illuminate\\Database\\Connection->select('select count(*)...', Array, false)
#5 C:\\xampp\\htdocs\\Repositorio_Grupal\\PSiga_2823506\\CODIGO PROYECTO\\BACKEND\\vendor\\laravel\\framework\\src\\Illuminate\\Database\\Query\\Builder.php(3092): Illuminate\\Database\\Query\\Builder->runSelect()
#6 C:\\xampp\\htdocs\\Repositorio_Grupal\\PSiga_2823506\\CODIGO PROYECTO\\BACKEND\\vendor\\laravel\\framework\\src\\Illuminate\\Database\\Query\\Builder.php(3679): Illuminate\\Database\\Query\\Builder->Illuminate\\Database\\Query\\{closure}()
#7 C:\\xampp\\htdocs\\Repositorio_Grupal\\PSiga_2823506\\CODIGO PROYECTO\\BACKEND\\vendor\\laravel\\framework\\src\\Illuminate\\Database\\Query\\Builder.php(3091): Illuminate\\Database\\Query\\Builder->onceWithColumns(Array, Object(Closure))
#8 C:\\xampp\\htdocs\\Repositorio_Grupal\\PSiga_2823506\\CODIGO PROYECTO\\BACKEND\\vendor\\laravel\\framework\\src\\Illuminate\\Database\\Query\\Builder.php(3605): Illuminate\\Database\\Query\\Builder->get(Array)
#9 C:\\xampp\\htdocs\\Repositorio_Grupal\\PSiga_2823506\\CODIGO PROYECTO\\BACKEND\\vendor\\laravel\\framework\\src\\Illuminate\\Database\\Query\\Builder.php(3533): Illuminate\\Database\\Query\\Builder->aggregate('count', Array)
#10 C:\\xampp\\htdocs\\Repositorio_Grupal\\PSiga_2823506\\CODIGO PROYECTO\\BACKEND\\vendor\\laravel\\framework\\src\\Illuminate\\Validation\\DatabasePresenceVerifier.php(53): Illuminate\\Database\\Query\\Builder->count()
#11 C:\\xampp\\htdocs\\Repositorio_Grupal\\PSiga_2823506\\CODIGO PROYECTO\\BACKEND\\vendor\\laravel\\framework\\src\\Illuminate\\Validation\\Concerns\\ValidatesAttributes.php(984): Illuminate\\Validation\\DatabasePresenceVerifier->getCount('asignatura', 'id', '1', NULL, NULL, Array)
#12 C:\\xampp\\htdocs\\Repositorio_Grupal\\PSiga_2823506\\CODIGO PROYECTO\\BACKEND\\vendor\\laravel\\framework\\src\\Illuminate\\Validation\\Concerns\\ValidatesAttributes.php(955): Illuminate\\Validation\\Validator->getExistCount(NULL, 'asignatura', 'id', '1', Array)
#13 C:\\xampp\\htdocs\\Repositorio_Grupal\\PSiga_2823506\\CODIGO PROYECTO\\BACKEND\\vendor\\laravel\\framework\\src\\Illuminate\\Validation\\Validator.php(685): Illuminate\\Validation\\Validator->validateExists('asignatura_id', '1', Array, Object(Illuminate\\Validation\\Validator))
#14 C:\\xampp\\htdocs\\Repositorio_Grupal\\PSiga_2823506\\CODIGO PROYECTO\\BACKEND\\vendor\\laravel\\framework\\src\\Illuminate\\Validation\\Validator.php(480): Illuminate\\Validation\\Validator->validateAttribute('asignatura_id', 'Exists')
#15 C:\\xampp\\htdocs\\Repositorio_Grupal\\PSiga_2823506\\CODIGO PROYECTO\\BACKEND\\vendor\\laravel\\framework\\src\\Illuminate\\Validation\\Validator.php(515): Illuminate\\Validation\\Validator->passes()
#16 C:\\xampp\\htdocs\\Repositorio_Grupal\\PSiga_2823506\\CODIGO PROYECTO\\BACKEND\\vendor\\laravel\\framework\\src\\Illuminate\\Validation\\Validator.php(557): Illuminate\\Validation\\Validator->fails()
#17 C:\\xampp\\htdocs\\Repositorio_Grupal\\PSiga_2823506\\CODIGO PROYECTO\\BACKEND\\vendor\\laravel\\framework\\src\\Illuminate\\Foundation\\Providers\\FoundationServiceProvider.php(155): Illuminate\\Validation\\Validator->validate()
#18 C:\\xampp\\htdocs\\Repositorio_Grupal\\PSiga_2823506\\CODIGO PROYECTO\\BACKEND\\vendor\\laravel\\framework\\src\\Illuminate\\Macroable\\Traits\\Macroable.php(126): Illuminate\\Http\\Request->Illuminate\\Foundation\\Providers\\{closure}(Array)
#19 C:\\xampp\\htdocs\\Repositorio_Grupal\\PSiga_2823506\\CODIGO PROYECTO\\BACKEND\\app\\Http\\Controllers\\ClaseController.php(14): Illuminate\\Http\\Request->__call('validate', Array)
#20 C:\\xampp\\htdocs\\Repositorio_Grupal\\PSiga_2823506\\CODIGO PROYECTO\\BACKEND\\vendor\\laravel\\framework\\src\\Illuminate\\Routing\\ControllerDispatcher.php(46): App\\Http\\Controllers\\ClaseController->store(Object(Illuminate\\Http\\Request))
#21 C:\\xampp\\htdocs\\Repositorio_Grupal\\PSiga_2823506\\CODIGO PROYECTO\\BACKEND\\vendor\\laravel\\framework\\src\\Illuminate\\Routing\\Route.php(265): Illuminate\\Routing\\ControllerDispatcher->dispatch(Object(Illuminate\\Routing\\Route), Object(App\\Http\\Controllers\\ClaseController), 'store')
#22 C:\\xampp\\htdocs\\Repositorio_Grupal\\PSiga_2823506\\CODIGO PROYECTO\\BACKEND\\vendor\\laravel\\framework\\src\\Illuminate\\Routing\\Route.php(211): Illuminate\\Routing\\Route->runController()
#23 C:\\xampp\\htdocs\\Repositorio_Grupal\\PSiga_2823506\\CODIGO PROYECTO\\BACKEND\\vendor\\laravel\\framework\\src\\Illuminate\\Routing\\Router.php(808): Illuminate\\Routing\\Route->run()
#24 C:\\xampp\\htdocs\\Repositorio_Grupal\\PSiga_2823506\\CODIGO PROYECTO\\BACKEND\\vendor\\laravel\\framework\\src\\Illuminate\\Pipeline\\Pipeline.php(169): Illuminate\\Routing\\Router->Illuminate\\Routing\\{closure}(Object(Illuminate\\Http\\Request))
#25 C:\\xampp\\htdocs\\Repositorio_Grupal\\PSiga_2823506\\CODIGO PROYECTO\\BACKEND\\vendor\\laravel\\framework\\src\\Illuminate\\Routing\\Middleware\\SubstituteBindings.php(50): Illuminate\\Pipeline\\Pipeline->Illuminate\\Pipeline\\{closure}(Object(Illuminate\\Http\\Request))
#26 C:\\xampp\\htdocs\\Repositorio_Grupal\\PSiga_2823506\\CODIGO PROYECTO\\BACKEND\\vendor\\laravel\\framework\\src\\Illuminate\\Pipeline\\Pipeline.php(208): Illuminate\\Routing\\Middleware\\SubstituteBindings->handle(Object(Illuminate\\Http\\Request), Object(Closure))
#27 C:\\xampp\\htdocs\\Repositorio_Grupal\\PSiga_2823506\\CODIGO PROYECTO\\BACKEND\\vendor\\laravel\\framework\\src\\Illuminate\\Pipeline\\Pipeline.php(126): Illuminate\\Pipeline\\Pipeline->Illuminate\\Pipeline\\{closure}(Object(Illuminate\\Http\\Request))
#28 C:\\xampp\\htdocs\\Repositorio_Grupal\\PSiga_2823506\\CODIGO PROYECTO\\BACKEND\\vendor\\laravel\\framework\\src\\Illuminate\\Routing\\Router.php(807): Illuminate\\Pipeline\\Pipeline->then(Object(Closure))
#29 C:\\xampp\\htdocs\\Repositorio_Grupal\\PSiga_2823506\\CODIGO PROYECTO\\BACKEND\\vendor\\laravel\\framework\\src\\Illuminate\\Routing\\Router.php(786): Illuminate\\Routing\\Router->runRouteWithinStack(Object(Illuminate\\Routing\\Route), Object(Illuminate\\Http\\Request))
#30 C:\\xampp\\htdocs\\Repositorio_Grupal\\PSiga_2823506\\CODIGO PROYECTO\\BACKEND\\vendor\\laravel\\framework\\src\\Illuminate\\Routing\\Router.php(750): Illuminate\\Routing\\Router->runRoute(Object(Illuminate\\Http\\Request), Object(Illuminate\\Routing\\Route))
#31 C:\\xampp\\htdocs\\Repositorio_Grupal\\PSiga_2823506\\CODIGO PROYECTO\\BACKEND\\vendor\\laravel\\framework\\src\\Illuminate\\Routing\\Router.php(739): Illuminate\\Routing\\Router->dispatchToRoute(Object(Illuminate\\Http\\Request))
#32 C:\\xampp\\htdocs\\Repositorio_Grupal\\PSiga_2823506\\CODIGO PROYECTO\\BACKEND\\vendor\\laravel\\framework\\src\\Illuminate\\Foundation\\Http\\Kernel.php(200): Illuminate\\Routing\\Router->dispatch(Object(Illuminate\\Http\\Request))
#33 C:\\xampp\\htdocs\\Repositorio_Grupal\\PSiga_2823506\\CODIGO PROYECTO\\BACKEND\\vendor\\laravel\\framework\\src\\Illuminate\\Pipeline\\Pipeline.php(169): Illuminate\\Foundation\\Http\\Kernel->Illuminate\\Foundation\\Http\\{closure}(Object(Illuminate\\Http\\Request))
#34 C:\\xampp\\htdocs\\Repositorio_Grupal\\PSiga_2823506\\CODIGO PROYECTO\\BACKEND\\vendor\\laravel\\framework\\src\\Illuminate\\Foundation\\Http\\Middleware\\TransformsRequest.php(21): Illuminate\\Pipeline\\Pipeline->Illuminate\\Pipeline\\{closure}(Object(Illuminate\\Http\\Request))
#35 C:\\xampp\\htdocs\\Repositorio_Grupal\\PSiga_2823506\\CODIGO PROYECTO\\BACKEND\\vendor\\laravel\\framework\\src\\Illuminate\\Foundation\\Http\\Middleware\\ConvertEmptyStringsToNull.php(31): Illuminate\\Foundation\\Http\\Middleware\\TransformsRequest->handle(Object(Illuminate\\Http\\Request), Object(Closure))
#36 C:\\xampp\\htdocs\\Repositorio_Grupal\\PSiga_2823506\\CODIGO PROYECTO\\BACKEND\\vendor\\laravel\\framework\\src\\Illuminate\\Pipeline\\Pipeline.php(208): Illuminate\\Foundation\\Http\\Middleware\\ConvertEmptyStringsToNull->handle(Object(Illuminate\\Http\\Request), Object(Closure))
#37 C:\\xampp\\htdocs\\Repositorio_Grupal\\PSiga_2823506\\CODIGO PROYECTO\\BACKEND\\vendor\\laravel\\framework\\src\\Illuminate\\Foundation\\Http\\Middleware\\TransformsRequest.php(21): Illuminate\\Pipeline\\Pipeline->Illuminate\\Pipeline\\{closure}(Object(Illuminate\\Http\\Request))
#38 C:\\xampp\\htdocs\\Repositorio_Grupal\\PSiga_2823506\\CODIGO PROYECTO\\BACKEND\\vendor\\laravel\\framework\\src\\Illuminate\\Foundation\\Http\\Middleware\\TrimStrings.php(51): Illuminate\\Foundation\\Http\\Middleware\\TransformsRequest->handle(Object(Illuminate\\Http\\Request), Object(Closure))
#39 C:\\xampp\\htdocs\\Repositorio_Grupal\\PSiga_2823506\\CODIGO PROYECTO\\BACKEND\\vendor\\laravel\\framework\\src\\Illuminate\\Pipeline\\Pipeline.php(208): Illuminate\\Foundation\\Http\\Middleware\\TrimStrings->handle(Object(Illuminate\\Http\\Request), Object(Closure))
#40 C:\\xampp\\htdocs\\Repositorio_Grupal\\PSiga_2823506\\CODIGO PROYECTO\\BACKEND\\vendor\\laravel\\framework\\src\\Illuminate\\Http\\Middleware\\ValidatePostSize.php(27): Illuminate\\Pipeline\\Pipeline->Illuminate\\Pipeline\\{closure}(Object(Illuminate\\Http\\Request))
#41 C:\\xampp\\htdocs\\Repositorio_Grupal\\PSiga_2823506\\CODIGO PROYECTO\\BACKEND\\vendor\\laravel\\framework\\src\\Illuminate\\Pipeline\\Pipeline.php(208): Illuminate\\Http\\Middleware\\ValidatePostSize->handle(Object(Illuminate\\Http\\Request), Object(Closure))
#42 C:\\xampp\\htdocs\\Repositorio_Grupal\\PSiga_2823506\\CODIGO PROYECTO\\BACKEND\\vendor\\laravel\\framework\\src\\Illuminate\\Foundation\\Http\\Middleware\\PreventRequestsDuringMaintenance.php(109): Illuminate\\Pipeline\\Pipeline->Illuminate\\Pipeline\\{closure}(Object(Illuminate\\Http\\Request))
#43 C:\\xampp\\htdocs\\Repositorio_Grupal\\PSiga_2823506\\CODIGO PROYECTO\\BACKEND\\vendor\\laravel\\framework\\src\\Illuminate\\Pipeline\\Pipeline.php(208): Illuminate\\Foundation\\Http\\Middleware\\PreventRequestsDuringMaintenance->handle(Object(Illuminate\\Http\\Request), Object(Closure))
#44 C:\\xampp\\htdocs\\Repositorio_Grupal\\PSiga_2823506\\CODIGO PROYECTO\\BACKEND\\vendor\\laravel\\framework\\src\\Illuminate\\Http\\Middleware\\HandleCors.php(61): Illuminate\\Pipeline\\Pipeline->Illuminate\\Pipeline\\{closure}(Object(Illuminate\\Http\\Request))
#45 C:\\xampp\\htdocs\\Repositorio_Grupal\\PSiga_2823506\\CODIGO PROYECTO\\BACKEND\\vendor\\laravel\\framework\\src\\Illuminate\\Pipeline\\Pipeline.php(208): Illuminate\\Http\\Middleware\\HandleCors->handle(Object(Illuminate\\Http\\Request), Object(Closure))
#46 C:\\xampp\\htdocs\\Repositorio_Grupal\\PSiga_2823506\\CODIGO PROYECTO\\BACKEND\\vendor\\laravel\\framework\\src\\Illuminate\\Http\\Middleware\\TrustProxies.php(58): Illuminate\\Pipeline\\Pipeline->Illuminate\\Pipeline\\{closure}(Object(Illuminate\\Http\\Request))
#47 C:\\xampp\\htdocs\\Repositorio_Grupal\\PSiga_2823506\\CODIGO PROYECTO\\BACKEND\\vendor\\laravel\\framework\\src\\Illuminate\\Pipeline\\Pipeline.php(208): Illuminate\\Http\\Middleware\\TrustProxies->handle(Object(Illuminate\\Http\\Request), Object(Closure))
#48 C:\\xampp\\htdocs\\Repositorio_Grupal\\PSiga_2823506\\CODIGO PROYECTO\\BACKEND\\vendor\\laravel\\framework\\src\\Illuminate\\Foundation\\Http\\Middleware\\InvokeDeferredCallbacks.php(22): Illuminate\\Pipeline\\Pipeline->Illuminate\\Pipeline\\{closure}(Object(Illuminate\\Http\\Request))
#49 C:\\xampp\\htdocs\\Repositorio_Grupal\\PSiga_2823506\\CODIGO PROYECTO\\BACKEND\\vendor\\laravel\\framework\\src\\Illuminate\\Pipeline\\Pipeline.php(208): Illuminate\\Foundation\\Http\\Middleware\\InvokeDeferredCallbacks->handle(Object(Illuminate\\Http\\Request), Object(Closure))
#50 C:\\xampp\\htdocs\\Repositorio_Grupal\\PSiga_2823506\\CODIGO PROYECTO\\BACKEND\\vendor\\laravel\\framework\\src\\Illuminate\\Http\\Middleware\\ValidatePathEncoding.php(26): Illuminate\\Pipeline\\Pipeline->Illuminate\\Pipeline\\{closure}(Object(Illuminate\\Http\\Request))
#51 C:\\xampp\\htdocs\\Repositorio_Grupal\\PSiga_2823506\\CODIGO PROYECTO\\BACKEND\\vendor\\laravel\\framework\\src\\Illuminate\\Pipeline\\Pipeline.php(208): Illuminate\\Http\\Middleware\\ValidatePathEncoding->handle(Object(Illuminate\\Http\\Request), Object(Closure))
#52 C:\\xampp\\htdocs\\Repositorio_Grupal\\PSiga_2823506\\CODIGO PROYECTO\\BACKEND\\vendor\\laravel\\framework\\src\\Illuminate\\Pipeline\\Pipeline.php(126): Illuminate\\Pipeline\\Pipeline->Illuminate\\Pipeline\\{closure}(Object(Illuminate\\Http\\Request))
#53 C:\\xampp\\htdocs\\Repositorio_Grupal\\PSiga_2823506\\CODIGO PROYECTO\\BACKEND\\vendor\\laravel\\framework\\src\\Illuminate\\Foundation\\Http\\Kernel.php(175): Illuminate\\Pipeline\\Pipeline->then(Object(Closure))
#54 C:\\xampp\\htdocs\\Repositorio_Grupal\\PSiga_2823506\\CODIGO PROYECTO\\BACKEND\\vendor\\laravel\\framework\\src\\Illuminate\\Foundation\\Http\\Kernel.php(144): Illuminate\\Foundation\\Http\\Kernel->sendRequestThroughRouter(Object(Illuminate\\Http\\Request))
#55 C:\\xampp\\htdocs\\Repositorio_Grupal\\PSiga_2823506\\CODIGO PROYECTO\\BACKEND\\vendor\\laravel\\framework\\src\\Illuminate\\Foundation\\Application.php(1219): Illuminate\\Foundation\\Http\\Kernel->handle(Object(Illuminate\\Http\\Request))
#56 C:\\xampp\\htdocs\\Repositorio_Grupal\\PSiga_2823506\\CODIGO PROYECTO\\BACKEND\\public\\index.php(20): Illuminate\\Foundation\\Application->handleRequest(Object(Illuminate\\Http\\Request))
#57 C:\\xampp\\htdocs\\Repositorio_Grupal\\PSiga_2823506\\CODIGO PROYECTO\\BACKEND\\vendor\\laravel\\framework\\src\\Illuminate\\Foundation\\resources\\server.php(23): require_once('C:\\\\xampp\\\\htdocs...')
#58 {main}
"} 
[2025-05-12 18:39:35] local.ERROR: SQLSTATE[42S02]: Base table or view not found: 1146 Table 'siga.asignatura' doesn't exist (Connection: mysql, SQL: select count(*) as aggregate from `asignatura` where `id` = 1) {"exception":"[object] (Illuminate\\Database\\QueryException(code: 42S02): SQLSTATE[42S02]: Base table or view not found: 1146 Table 'siga.asignatura' doesn't exist (Connection: mysql, SQL: select count(*) as aggregate from `asignatura` where `id` = 1) at C:\\xampp\\htdocs\\Repositorio_Grupal\\PSiga_2823506\\CODIGO PROYECTO\\BACKEND\\vendor\\laravel\\framework\\src\\Illuminate\\Database\\Connection.php:822)
[stacktrace]
#0 C:\\xampp\\htdocs\\Repositorio_Grupal\\PSiga_2823506\\CODIGO PROYECTO\\BACKEND\\vendor\\laravel\\framework\\src\\Illuminate\\Database\\Connection.php(776): Illuminate\\Database\\Connection->runQueryCallback('select count(*)...', Array, Object(Closure))
#1 C:\\xampp\\htdocs\\Repositorio_Grupal\\PSiga_2823506\\CODIGO PROYECTO\\BACKEND\\vendor\\laravel\\framework\\src\\Illuminate\\Database\\Connection.php(395): Illuminate\\Database\\Connection->run('select count(*)...', Array, Object(Closure))
#2 C:\\xampp\\htdocs\\Repositorio_Grupal\\PSiga_2823506\\CODIGO PROYECTO\\BACKEND\\vendor\\laravel\\framework\\src\\Illuminate\\Database\\Query\\Builder.php(3107): Illuminate\\Database\\Connection->select('select count(*)...', Array, false)
#3 C:\\xampp\\htdocs\\Repositorio_Grupal\\PSiga_2823506\\CODIGO PROYECTO\\BACKEND\\vendor\\laravel\\framework\\src\\Illuminate\\Database\\Query\\Builder.php(3092): Illuminate\\Database\\Query\\Builder->runSelect()
#4 C:\\xampp\\htdocs\\Repositorio_Grupal\\PSiga_2823506\\CODIGO PROYECTO\\BACKEND\\vendor\\laravel\\framework\\src\\Illuminate\\Database\\Query\\Builder.php(3679): Illuminate\\Database\\Query\\Builder->Illuminate\\Database\\Query\\{closure}()
#5 C:\\xampp\\htdocs\\Repositorio_Grupal\\PSiga_2823506\\CODIGO PROYECTO\\BACKEND\\vendor\\laravel\\framework\\src\\Illuminate\\Database\\Query\\Builder.php(3091): Illuminate\\Database\\Query\\Builder->onceWithColumns(Array, Object(Closure))
#6 C:\\xampp\\htdocs\\Repositorio_Grupal\\PSiga_2823506\\CODIGO PROYECTO\\BACKEND\\vendor\\laravel\\framework\\src\\Illuminate\\Database\\Query\\Builder.php(3605): Illuminate\\Database\\Query\\Builder->get(Array)
#7 C:\\xampp\\htdocs\\Repositorio_Grupal\\PSiga_2823506\\CODIGO PROYECTO\\BACKEND\\vendor\\laravel\\framework\\src\\Illuminate\\Database\\Query\\Builder.php(3533): Illuminate\\Database\\Query\\Builder->aggregate('count', Array)
#8 C:\\xampp\\htdocs\\Repositorio_Grupal\\PSiga_2823506\\CODIGO PROYECTO\\BACKEND\\vendor\\laravel\\framework\\src\\Illuminate\\Validation\\DatabasePresenceVerifier.php(53): Illuminate\\Database\\Query\\Builder->count()
#9 C:\\xampp\\htdocs\\Repositorio_Grupal\\PSiga_2823506\\CODIGO PROYECTO\\BACKEND\\vendor\\laravel\\framework\\src\\Illuminate\\Validation\\Concerns\\ValidatesAttributes.php(984): Illuminate\\Validation\\DatabasePresenceVerifier->getCount('asignatura', 'id', '1', NULL, NULL, Array)
#10 C:\\xampp\\htdocs\\Repositorio_Grupal\\PSiga_2823506\\CODIGO PROYECTO\\BACKEND\\vendor\\laravel\\framework\\src\\Illuminate\\Validation\\Concerns\\ValidatesAttributes.php(955): Illuminate\\Validation\\Validator->getExistCount(NULL, 'asignatura', 'id', '1', Array)
#11 C:\\xampp\\htdocs\\Repositorio_Grupal\\PSiga_2823506\\CODIGO PROYECTO\\BACKEND\\vendor\\laravel\\framework\\src\\Illuminate\\Validation\\Validator.php(685): Illuminate\\Validation\\Validator->validateExists('asignatura_id', '1', Array, Object(Illuminate\\Validation\\Validator))
#12 C:\\xampp\\htdocs\\Repositorio_Grupal\\PSiga_2823506\\CODIGO PROYECTO\\BACKEND\\vendor\\laravel\\framework\\src\\Illuminate\\Validation\\Validator.php(480): Illuminate\\Validation\\Validator->validateAttribute('asignatura_id', 'Exists')
#13 C:\\xampp\\htdocs\\Repositorio_Grupal\\PSiga_2823506\\CODIGO PROYECTO\\BACKEND\\vendor\\laravel\\framework\\src\\Illuminate\\Validation\\Validator.php(515): Illuminate\\Validation\\Validator->passes()
#14 C:\\xampp\\htdocs\\Repositorio_Grupal\\PSiga_2823506\\CODIGO PROYECTO\\BACKEND\\vendor\\laravel\\framework\\src\\Illuminate\\Validation\\Validator.php(557): Illuminate\\Validation\\Validator->fails()
#15 C:\\xampp\\htdocs\\Repositorio_Grupal\\PSiga_2823506\\CODIGO PROYECTO\\BACKEND\\vendor\\laravel\\framework\\src\\Illuminate\\Foundation\\Providers\\FoundationServiceProvider.php(155): Illuminate\\Validation\\Validator->validate()
#16 C:\\xampp\\htdocs\\Repositorio_Grupal\\PSiga_2823506\\CODIGO PROYECTO\\BACKEND\\vendor\\laravel\\framework\\src\\Illuminate\\Macroable\\Traits\\Macroable.php(126): Illuminate\\Http\\Request->Illuminate\\Foundation\\Providers\\{closure}(Array)
#17 C:\\xampp\\htdocs\\Repositorio_Grupal\\PSiga_2823506\\CODIGO PROYECTO\\BACKEND\\app\\Http\\Controllers\\ClaseController.php(14): Illuminate\\Http\\Request->__call('validate', Array)
#18 C:\\xampp\\htdocs\\Repositorio_Grupal\\PSiga_2823506\\CODIGO PROYECTO\\BACKEND\\vendor\\laravel\\framework\\src\\Illuminate\\Routing\\ControllerDispatcher.php(46): App\\Http\\Controllers\\ClaseController->store(Object(Illuminate\\Http\\Request))
#19 C:\\xampp\\htdocs\\Repositorio_Grupal\\PSiga_2823506\\CODIGO PROYECTO\\BACKEND\\vendor\\laravel\\framework\\src\\Illuminate\\Routing\\Route.php(265): Illuminate\\Routing\\ControllerDispatcher->dispatch(Object(Illuminate\\Routing\\Route), Object(App\\Http\\Controllers\\ClaseController), 'store')
#20 C:\\xampp\\htdocs\\Repositorio_Grupal\\PSiga_2823506\\CODIGO PROYECTO\\BACKEND\\vendor\\laravel\\framework\\src\\Illuminate\\Routing\\Route.php(211): Illuminate\\Routing\\Route->runController()
#21 C:\\xampp\\htdocs\\Repositorio_Grupal\\PSiga_2823506\\CODIGO PROYECTO\\BACKEND\\vendor\\laravel\\framework\\src\\Illuminate\\Routing\\Router.php(808): Illuminate\\Routing\\Route->run()
#22 C:\\xampp\\htdocs\\Repositorio_Grupal\\PSiga_2823506\\CODIGO PROYECTO\\BACKEND\\vendor\\laravel\\framework\\src\\Illuminate\\Pipeline\\Pipeline.php(169): Illuminate\\Routing\\Router->Illuminate\\Routing\\{closure}(Object(Illuminate\\Http\\Request))
#23 C:\\xampp\\htdocs\\Repositorio_Grupal\\PSiga_2823506\\CODIGO PROYECTO\\BACKEND\\vendor\\laravel\\framework\\src\\Illuminate\\Routing\\Middleware\\SubstituteBindings.php(50): Illuminate\\Pipeline\\Pipeline->Illuminate\\Pipeline\\{closure}(Object(Illuminate\\Http\\Request))
#24 C:\\xampp\\htdocs\\Repositorio_Grupal\\PSiga_2823506\\CODIGO PROYECTO\\BACKEND\\vendor\\laravel\\framework\\src\\Illuminate\\Pipeline\\Pipeline.php(208): Illuminate\\Routing\\Middleware\\SubstituteBindings->handle(Object(Illuminate\\Http\\Request), Object(Closure))
#25 C:\\xampp\\htdocs\\Repositorio_Grupal\\PSiga_2823506\\CODIGO PROYECTO\\BACKEND\\vendor\\laravel\\framework\\src\\Illuminate\\Pipeline\\Pipeline.php(126): Illuminate\\Pipeline\\Pipeline->Illuminate\\Pipeline\\{closure}(Object(Illuminate\\Http\\Request))
#26 C:\\xampp\\htdocs\\Repositorio_Grupal\\PSiga_2823506\\CODIGO PROYECTO\\BACKEND\\vendor\\laravel\\framework\\src\\Illuminate\\Routing\\Router.php(807): Illuminate\\Pipeline\\Pipeline->then(Object(Closure))
#27 C:\\xampp\\htdocs\\Repositorio_Grupal\\PSiga_2823506\\CODIGO PROYECTO\\BACKEND\\vendor\\laravel\\framework\\src\\Illuminate\\Routing\\Router.php(786): Illuminate\\Routing\\Router->runRouteWithinStack(Object(Illuminate\\Routing\\Route), Object(Illuminate\\Http\\Request))
#28 C:\\xampp\\htdocs\\Repositorio_Grupal\\PSiga_2823506\\CODIGO PROYECTO\\BACKEND\\vendor\\laravel\\framework\\src\\Illuminate\\Routing\\Router.php(750): Illuminate\\Routing\\Router->runRoute(Object(Illuminate\\Http\\Request), Object(Illuminate\\Routing\\Route))
#29 C:\\xampp\\htdocs\\Repositorio_Grupal\\PSiga_2823506\\CODIGO PROYECTO\\BACKEND\\vendor\\laravel\\framework\\src\\Illuminate\\Routing\\Router.php(739): Illuminate\\Routing\\Router->dispatchToRoute(Object(Illuminate\\Http\\Request))
#30 C:\\xampp\\htdocs\\Repositorio_Grupal\\PSiga_2823506\\CODIGO PROYECTO\\BACKEND\\vendor\\laravel\\framework\\src\\Illuminate\\Foundation\\Http\\Kernel.php(200): Illuminate\\Routing\\Router->dispatch(Object(Illuminate\\Http\\Request))
#31 C:\\xampp\\htdocs\\Repositorio_Grupal\\PSiga_2823506\\CODIGO PROYECTO\\BACKEND\\vendor\\laravel\\framework\\src\\Illuminate\\Pipeline\\Pipeline.php(169): Illuminate\\Foundation\\Http\\Kernel->Illuminate\\Foundation\\Http\\{closure}(Object(Illuminate\\Http\\Request))
#32 C:\\xampp\\htdocs\\Repositorio_Grupal\\PSiga_2823506\\CODIGO PROYECTO\\BACKEND\\vendor\\laravel\\framework\\src\\Illuminate\\Foundation\\Http\\Middleware\\TransformsRequest.php(21): Illuminate\\Pipeline\\Pipeline->Illuminate\\Pipeline\\{closure}(Object(Illuminate\\Http\\Request))
#33 C:\\xampp\\htdocs\\Repositorio_Grupal\\PSiga_2823506\\CODIGO PROYECTO\\BACKEND\\vendor\\laravel\\framework\\src\\Illuminate\\Foundation\\Http\\Middleware\\ConvertEmptyStringsToNull.php(31): Illuminate\\Foundation\\Http\\Middleware\\TransformsRequest->handle(Object(Illuminate\\Http\\Request), Object(Closure))
#34 C:\\xampp\\htdocs\\Repositorio_Grupal\\PSiga_2823506\\CODIGO PROYECTO\\BACKEND\\vendor\\laravel\\framework\\src\\Illuminate\\Pipeline\\Pipeline.php(208): Illuminate\\Foundation\\Http\\Middleware\\ConvertEmptyStringsToNull->handle(Object(Illuminate\\Http\\Request), Object(Closure))
#35 C:\\xampp\\htdocs\\Repositorio_Grupal\\PSiga_2823506\\CODIGO PROYECTO\\BACKEND\\vendor\\laravel\\framework\\src\\Illuminate\\Foundation\\Http\\Middleware\\TransformsRequest.php(21): Illuminate\\Pipeline\\Pipeline->Illuminate\\Pipeline\\{closure}(Object(Illuminate\\Http\\Request))
#36 C:\\xampp\\htdocs\\Repositorio_Grupal\\PSiga_2823506\\CODIGO PROYECTO\\BACKEND\\vendor\\laravel\\framework\\src\\Illuminate\\Foundation\\Http\\Middleware\\TrimStrings.php(51): Illuminate\\Foundation\\Http\\Middleware\\TransformsRequest->handle(Object(Illuminate\\Http\\Request), Object(Closure))
#37 C:\\xampp\\htdocs\\Repositorio_Grupal\\PSiga_2823506\\CODIGO PROYECTO\\BACKEND\\vendor\\laravel\\framework\\src\\Illuminate\\Pipeline\\Pipeline.php(208): Illuminate\\Foundation\\Http\\Middleware\\TrimStrings->handle(Object(Illuminate\\Http\\Request), Object(Closure))
#38 C:\\xampp\\htdocs\\Repositorio_Grupal\\PSiga_2823506\\CODIGO PROYECTO\\BACKEND\\vendor\\laravel\\framework\\src\\Illuminate\\Http\\Middleware\\ValidatePostSize.php(27): Illuminate\\Pipeline\\Pipeline->Illuminate\\Pipeline\\{closure}(Object(Illuminate\\Http\\Request))
#39 C:\\xampp\\htdocs\\Repositorio_Grupal\\PSiga_2823506\\CODIGO PROYECTO\\BACKEND\\vendor\\laravel\\framework\\src\\Illuminate\\Pipeline\\Pipeline.php(208): Illuminate\\Http\\Middleware\\ValidatePostSize->handle(Object(Illuminate\\Http\\Request), Object(Closure))
#40 C:\\xampp\\htdocs\\Repositorio_Grupal\\PSiga_2823506\\CODIGO PROYECTO\\BACKEND\\vendor\\laravel\\framework\\src\\Illuminate\\Foundation\\Http\\Middleware\\PreventRequestsDuringMaintenance.php(109): Illuminate\\Pipeline\\Pipeline->Illuminate\\Pipeline\\{closure}(Object(Illuminate\\Http\\Request))
#41 C:\\xampp\\htdocs\\Repositorio_Grupal\\PSiga_2823506\\CODIGO PROYECTO\\BACKEND\\vendor\\laravel\\framework\\src\\Illuminate\\Pipeline\\Pipeline.php(208): Illuminate\\Foundation\\Http\\Middleware\\PreventRequestsDuringMaintenance->handle(Object(Illuminate\\Http\\Request), Object(Closure))
#42 C:\\xampp\\htdocs\\Repositorio_Grupal\\PSiga_2823506\\CODIGO PROYECTO\\BACKEND\\vendor\\laravel\\framework\\src\\Illuminate\\Http\\Middleware\\HandleCors.php(61): Illuminate\\Pipeline\\Pipeline->Illuminate\\Pipeline\\{closure}(Object(Illuminate\\Http\\Request))
#43 C:\\xampp\\htdocs\\Repositorio_Grupal\\PSiga_2823506\\CODIGO PROYECTO\\BACKEND\\vendor\\laravel\\framework\\src\\Illuminate\\Pipeline\\Pipeline.php(208): Illuminate\\Http\\Middleware\\HandleCors->handle(Object(Illuminate\\Http\\Request), Object(Closure))
#44 C:\\xampp\\htdocs\\Repositorio_Grupal\\PSiga_2823506\\CODIGO PROYECTO\\BACKEND\\vendor\\laravel\\framework\\src\\Illuminate\\Http\\Middleware\\TrustProxies.php(58): Illuminate\\Pipeline\\Pipeline->Illuminate\\Pipeline\\{closure}(Object(Illuminate\\Http\\Request))
#45 C:\\xampp\\htdocs\\Repositorio_Grupal\\PSiga_2823506\\CODIGO PROYECTO\\BACKEND\\vendor\\laravel\\framework\\src\\Illuminate\\Pipeline\\Pipeline.php(208): Illuminate\\Http\\Middleware\\TrustProxies->handle(Object(Illuminate\\Http\\Request), Object(Closure))
#46 C:\\xampp\\htdocs\\Repositorio_Grupal\\PSiga_2823506\\CODIGO PROYECTO\\BACKEND\\vendor\\laravel\\framework\\src\\Illuminate\\Foundation\\Http\\Middleware\\InvokeDeferredCallbacks.php(22): Illuminate\\Pipeline\\Pipeline->Illuminate\\Pipeline\\{closure}(Object(Illuminate\\Http\\Request))
#47 C:\\xampp\\htdocs\\Repositorio_Grupal\\PSiga_2823506\\CODIGO PROYECTO\\BACKEND\\vendor\\laravel\\framework\\src\\Illuminate\\Pipeline\\Pipeline.php(208): Illuminate\\Foundation\\Http\\Middleware\\InvokeDeferredCallbacks->handle(Object(Illuminate\\Http\\Request), Object(Closure))
#48 C:\\xampp\\htdocs\\Repositorio_Grupal\\PSiga_2823506\\CODIGO PROYECTO\\BACKEND\\vendor\\laravel\\framework\\src\\Illuminate\\Http\\Middleware\\ValidatePathEncoding.php(26): Illuminate\\Pipeline\\Pipeline->Illuminate\\Pipeline\\{closure}(Object(Illuminate\\Http\\Request))
#49 C:\\xampp\\htdocs\\Repositorio_Grupal\\PSiga_2823506\\CODIGO PROYECTO\\BACKEND\\vendor\\laravel\\framework\\src\\Illuminate\\Pipeline\\Pipeline.php(208): Illuminate\\Http\\Middleware\\ValidatePathEncoding->handle(Object(Illuminate\\Http\\Request), Object(Closure))
#50 C:\\xampp\\htdocs\\Repositorio_Grupal\\PSiga_2823506\\CODIGO PROYECTO\\BACKEND\\vendor\\laravel\\framework\\src\\Illuminate\\Pipeline\\Pipeline.php(126): Illuminate\\Pipeline\\Pipeline->Illuminate\\Pipeline\\{closure}(Object(Illuminate\\Http\\Request))
#51 C:\\xampp\\htdocs\\Repositorio_Grupal\\PSiga_2823506\\CODIGO PROYECTO\\BACKEND\\vendor\\laravel\\framework\\src\\Illuminate\\Foundation\\Http\\Kernel.php(175): Illuminate\\Pipeline\\Pipeline->then(Object(Closure))
#52 C:\\xampp\\htdocs\\Repositorio_Grupal\\PSiga_2823506\\CODIGO PROYECTO\\BACKEND\\vendor\\laravel\\framework\\src\\Illuminate\\Foundation\\Http\\Kernel.php(144): Illuminate\\Foundation\\Http\\Kernel->sendRequestThroughRouter(Object(Illuminate\\Http\\Request))
#53 C:\\xampp\\htdocs\\Repositorio_Grupal\\PSiga_2823506\\CODIGO PROYECTO\\BACKEND\\vendor\\laravel\\framework\\src\\Illuminate\\Foundation\\Application.php(1219): Illuminate\\Foundation\\Http\\Kernel->handle(Object(Illuminate\\Http\\Request))
#54 C:\\xampp\\htdocs\\Repositorio_Grupal\\PSiga_2823506\\CODIGO PROYECTO\\BACKEND\\public\\index.php(20): Illuminate\\Foundation\\Application->handleRequest(Object(Illuminate\\Http\\Request))
#55 C:\\xampp\\htdocs\\Repositorio_Grupal\\PSiga_2823506\\CODIGO PROYECTO\\BACKEND\\vendor\\laravel\\framework\\src\\Illuminate\\Foundation\\resources\\server.php(23): require_once('C:\\\\xampp\\\\htdocs...')
#56 {main}

[previous exception] [object] (PDOException(code: 42S02): SQLSTATE[42S02]: Base table or view not found: 1146 Table 'siga.asignatura' doesn't exist at C:\\xampp\\htdocs\\Repositorio_Grupal\\PSiga_2823506\\CODIGO PROYECTO\\BACKEND\\vendor\\laravel\\framework\\src\\Illuminate\\Database\\Connection.php:404)
[stacktrace]
#0 C:\\xampp\\htdocs\\Repositorio_Grupal\\PSiga_2823506\\CODIGO PROYECTO\\BACKEND\\vendor\\laravel\\framework\\src\\Illuminate\\Database\\Connection.php(404): PDO->prepare('select count(*)...')
#1 C:\\xampp\\htdocs\\Repositorio_Grupal\\PSiga_2823506\\CODIGO PROYECTO\\BACKEND\\vendor\\laravel\\framework\\src\\Illuminate\\Database\\Connection.php(809): Illuminate\\Database\\Connection->Illuminate\\Database\\{closure}('select count(*)...', Array)
#2 C:\\xampp\\htdocs\\Repositorio_Grupal\\PSiga_2823506\\CODIGO PROYECTO\\BACKEND\\vendor\\laravel\\framework\\src\\Illuminate\\Database\\Connection.php(776): Illuminate\\Database\\Connection->runQueryCallback('select count(*)...', Array, Object(Closure))
#3 C:\\xampp\\htdocs\\Repositorio_Grupal\\PSiga_2823506\\CODIGO PROYECTO\\BACKEND\\vendor\\laravel\\framework\\src\\Illuminate\\Database\\Connection.php(395): Illuminate\\Database\\Connection->run('select count(*)...', Array, Object(Closure))
#4 C:\\xampp\\htdocs\\Repositorio_Grupal\\PSiga_2823506\\CODIGO PROYECTO\\BACKEND\\vendor\\laravel\\framework\\src\\Illuminate\\Database\\Query\\Builder.php(3107): Illuminate\\Database\\Connection->select('select count(*)...', Array, false)
#5 C:\\xampp\\htdocs\\Repositorio_Grupal\\PSiga_2823506\\CODIGO PROYECTO\\BACKEND\\vendor\\laravel\\framework\\src\\Illuminate\\Database\\Query\\Builder.php(3092): Illuminate\\Database\\Query\\Builder->runSelect()
#6 C:\\xampp\\htdocs\\Repositorio_Grupal\\PSiga_2823506\\CODIGO PROYECTO\\BACKEND\\vendor\\laravel\\framework\\src\\Illuminate\\Database\\Query\\Builder.php(3679): Illuminate\\Database\\Query\\Builder->Illuminate\\Database\\Query\\{closure}()
#7 C:\\xampp\\htdocs\\Repositorio_Grupal\\PSiga_2823506\\CODIGO PROYECTO\\BACKEND\\vendor\\laravel\\framework\\src\\Illuminate\\Database\\Query\\Builder.php(3091): Illuminate\\Database\\Query\\Builder->onceWithColumns(Array, Object(Closure))
#8 C:\\xampp\\htdocs\\Repositorio_Grupal\\PSiga_2823506\\CODIGO PROYECTO\\BACKEND\\vendor\\laravel\\framework\\src\\Illuminate\\Database\\Query\\Builder.php(3605): Illuminate\\Database\\Query\\Builder->get(Array)
#9 C:\\xampp\\htdocs\\Repositorio_Grupal\\PSiga_2823506\\CODIGO PROYECTO\\BACKEND\\vendor\\laravel\\framework\\src\\Illuminate\\Database\\Query\\Builder.php(3533): Illuminate\\Database\\Query\\Builder->aggregate('count', Array)
#10 C:\\xampp\\htdocs\\Repositorio_Grupal\\PSiga_2823506\\CODIGO PROYECTO\\BACKEND\\vendor\\laravel\\framework\\src\\Illuminate\\Validation\\DatabasePresenceVerifier.php(53): Illuminate\\Database\\Query\\Builder->count()
#11 C:\\xampp\\htdocs\\Repositorio_Grupal\\PSiga_2823506\\CODIGO PROYECTO\\BACKEND\\vendor\\laravel\\framework\\src\\Illuminate\\Validation\\Concerns\\ValidatesAttributes.php(984): Illuminate\\Validation\\DatabasePresenceVerifier->getCount('asignatura', 'id', '1', NULL, NULL, Array)
#12 C:\\xampp\\htdocs\\Repositorio_Grupal\\PSiga_2823506\\CODIGO PROYECTO\\BACKEND\\vendor\\laravel\\framework\\src\\Illuminate\\Validation\\Concerns\\ValidatesAttributes.php(955): Illuminate\\Validation\\Validator->getExistCount(NULL, 'asignatura', 'id', '1', Array)
#13 C:\\xampp\\htdocs\\Repositorio_Grupal\\PSiga_2823506\\CODIGO PROYECTO\\BACKEND\\vendor\\laravel\\framework\\src\\Illuminate\\Validation\\Validator.php(685): Illuminate\\Validation\\Validator->validateExists('asignatura_id', '1', Array, Object(Illuminate\\Validation\\Validator))
#14 C:\\xampp\\htdocs\\Repositorio_Grupal\\PSiga_2823506\\CODIGO PROYECTO\\BACKEND\\vendor\\laravel\\framework\\src\\Illuminate\\Validation\\Validator.php(480): Illuminate\\Validation\\Validator->validateAttribute('asignatura_id', 'Exists')
#15 C:\\xampp\\htdocs\\Repositorio_Grupal\\PSiga_2823506\\CODIGO PROYECTO\\BACKEND\\vendor\\laravel\\framework\\src\\Illuminate\\Validation\\Validator.php(515): Illuminate\\Validation\\Validator->passes()
#16 C:\\xampp\\htdocs\\Repositorio_Grupal\\PSiga_2823506\\CODIGO PROYECTO\\BACKEND\\vendor\\laravel\\framework\\src\\Illuminate\\Validation\\Validator.php(557): Illuminate\\Validation\\Validator->fails()
#17 C:\\xampp\\htdocs\\Repositorio_Grupal\\PSiga_2823506\\CODIGO PROYECTO\\BACKEND\\vendor\\laravel\\framework\\src\\Illuminate\\Foundation\\Providers\\FoundationServiceProvider.php(155): Illuminate\\Validation\\Validator->validate()
#18 C:\\xampp\\htdocs\\Repositorio_Grupal\\PSiga_2823506\\CODIGO PROYECTO\\BACKEND\\vendor\\laravel\\framework\\src\\Illuminate\\Macroable\\Traits\\Macroable.php(126): Illuminate\\Http\\Request->Illuminate\\Foundation\\Providers\\{closure}(Array)
#19 C:\\xampp\\htdocs\\Repositorio_Grupal\\PSiga_2823506\\CODIGO PROYECTO\\BACKEND\\app\\Http\\Controllers\\ClaseController.php(14): Illuminate\\Http\\Request->__call('validate', Array)
#20 C:\\xampp\\htdocs\\Repositorio_Grupal\\PSiga_2823506\\CODIGO PROYECTO\\BACKEND\\vendor\\laravel\\framework\\src\\Illuminate\\Routing\\ControllerDispatcher.php(46): App\\Http\\Controllers\\ClaseController->store(Object(Illuminate\\Http\\Request))
#21 C:\\xampp\\htdocs\\Repositorio_Grupal\\PSiga_2823506\\CODIGO PROYECTO\\BACKEND\\vendor\\laravel\\framework\\src\\Illuminate\\Routing\\Route.php(265): Illuminate\\Routing\\ControllerDispatcher->dispatch(Object(Illuminate\\Routing\\Route), Object(App\\Http\\Controllers\\ClaseController), 'store')
#22 C:\\xampp\\htdocs\\Repositorio_Grupal\\PSiga_2823506\\CODIGO PROYECTO\\BACKEND\\vendor\\laravel\\framework\\src\\Illuminate\\Routing\\Route.php(211): Illuminate\\Routing\\Route->runController()
#23 C:\\xampp\\htdocs\\Repositorio_Grupal\\PSiga_2823506\\CODIGO PROYECTO\\BACKEND\\vendor\\laravel\\framework\\src\\Illuminate\\Routing\\Router.php(808): Illuminate\\Routing\\Route->run()
#24 C:\\xampp\\htdocs\\Repositorio_Grupal\\PSiga_2823506\\CODIGO PROYECTO\\BACKEND\\vendor\\laravel\\framework\\src\\Illuminate\\Pipeline\\Pipeline.php(169): Illuminate\\Routing\\Router->Illuminate\\Routing\\{closure}(Object(Illuminate\\Http\\Request))
#25 C:\\xampp\\htdocs\\Repositorio_Grupal\\PSiga_2823506\\CODIGO PROYECTO\\BACKEND\\vendor\\laravel\\framework\\src\\Illuminate\\Routing\\Middleware\\SubstituteBindings.php(50): Illuminate\\Pipeline\\Pipeline->Illuminate\\Pipeline\\{closure}(Object(Illuminate\\Http\\Request))
#26 C:\\xampp\\htdocs\\Repositorio_Grupal\\PSiga_2823506\\CODIGO PROYECTO\\BACKEND\\vendor\\laravel\\framework\\src\\Illuminate\\Pipeline\\Pipeline.php(208): Illuminate\\Routing\\Middleware\\SubstituteBindings->handle(Object(Illuminate\\Http\\Request), Object(Closure))
#27 C:\\xampp\\htdocs\\Repositorio_Grupal\\PSiga_2823506\\CODIGO PROYECTO\\BACKEND\\vendor\\laravel\\framework\\src\\Illuminate\\Pipeline\\Pipeline.php(126): Illuminate\\Pipeline\\Pipeline->Illuminate\\Pipeline\\{closure}(Object(Illuminate\\Http\\Request))
#28 C:\\xampp\\htdocs\\Repositorio_Grupal\\PSiga_2823506\\CODIGO PROYECTO\\BACKEND\\vendor\\laravel\\framework\\src\\Illuminate\\Routing\\Router.php(807): Illuminate\\Pipeline\\Pipeline->then(Object(Closure))
#29 C:\\xampp\\htdocs\\Repositorio_Grupal\\PSiga_2823506\\CODIGO PROYECTO\\BACKEND\\vendor\\laravel\\framework\\src\\Illuminate\\Routing\\Router.php(786): Illuminate\\Routing\\Router->runRouteWithinStack(Object(Illuminate\\Routing\\Route), Object(Illuminate\\Http\\Request))
#30 C:\\xampp\\htdocs\\Repositorio_Grupal\\PSiga_2823506\\CODIGO PROYECTO\\BACKEND\\vendor\\laravel\\framework\\src\\Illuminate\\Routing\\Router.php(750): Illuminate\\Routing\\Router->runRoute(Object(Illuminate\\Http\\Request), Object(Illuminate\\Routing\\Route))
#31 C:\\xampp\\htdocs\\Repositorio_Grupal\\PSiga_2823506\\CODIGO PROYECTO\\BACKEND\\vendor\\laravel\\framework\\src\\Illuminate\\Routing\\Router.php(739): Illuminate\\Routing\\Router->dispatchToRoute(Object(Illuminate\\Http\\Request))
#32 C:\\xampp\\htdocs\\Repositorio_Grupal\\PSiga_2823506\\CODIGO PROYECTO\\BACKEND\\vendor\\laravel\\framework\\src\\Illuminate\\Foundation\\Http\\Kernel.php(200): Illuminate\\Routing\\Router->dispatch(Object(Illuminate\\Http\\Request))
#33 C:\\xampp\\htdocs\\Repositorio_Grupal\\PSiga_2823506\\CODIGO PROYECTO\\BACKEND\\vendor\\laravel\\framework\\src\\Illuminate\\Pipeline\\Pipeline.php(169): Illuminate\\Foundation\\Http\\Kernel->Illuminate\\Foundation\\Http\\{closure}(Object(Illuminate\\Http\\Request))
#34 C:\\xampp\\htdocs\\Repositorio_Grupal\\PSiga_2823506\\CODIGO PROYECTO\\BACKEND\\vendor\\laravel\\framework\\src\\Illuminate\\Foundation\\Http\\Middleware\\TransformsRequest.php(21): Illuminate\\Pipeline\\Pipeline->Illuminate\\Pipeline\\{closure}(Object(Illuminate\\Http\\Request))
#35 C:\\xampp\\htdocs\\Repositorio_Grupal\\PSiga_2823506\\CODIGO PROYECTO\\BACKEND\\vendor\\laravel\\framework\\src\\Illuminate\\Foundation\\Http\\Middleware\\ConvertEmptyStringsToNull.php(31): Illuminate\\Foundation\\Http\\Middleware\\TransformsRequest->handle(Object(Illuminate\\Http\\Request), Object(Closure))
#36 C:\\xampp\\htdocs\\Repositorio_Grupal\\PSiga_2823506\\CODIGO PROYECTO\\BACKEND\\vendor\\laravel\\framework\\src\\Illuminate\\Pipeline\\Pipeline.php(208): Illuminate\\Foundation\\Http\\Middleware\\ConvertEmptyStringsToNull->handle(Object(Illuminate\\Http\\Request), Object(Closure))
#37 C:\\xampp\\htdocs\\Repositorio_Grupal\\PSiga_2823506\\CODIGO PROYECTO\\BACKEND\\vendor\\laravel\\framework\\src\\Illuminate\\Foundation\\Http\\Middleware\\TransformsRequest.php(21): Illuminate\\Pipeline\\Pipeline->Illuminate\\Pipeline\\{closure}(Object(Illuminate\\Http\\Request))
#38 C:\\xampp\\htdocs\\Repositorio_Grupal\\PSiga_2823506\\CODIGO PROYECTO\\BACKEND\\vendor\\laravel\\framework\\src\\Illuminate\\Foundation\\Http\\Middleware\\TrimStrings.php(51): Illuminate\\Foundation\\Http\\Middleware\\TransformsRequest->handle(Object(Illuminate\\Http\\Request), Object(Closure))
#39 C:\\xampp\\htdocs\\Repositorio_Grupal\\PSiga_2823506\\CODIGO PROYECTO\\BACKEND\\vendor\\laravel\\framework\\src\\Illuminate\\Pipeline\\Pipeline.php(208): Illuminate\\Foundation\\Http\\Middleware\\TrimStrings->handle(Object(Illuminate\\Http\\Request), Object(Closure))
#40 C:\\xampp\\htdocs\\Repositorio_Grupal\\PSiga_2823506\\CODIGO PROYECTO\\BACKEND\\vendor\\laravel\\framework\\src\\Illuminate\\Http\\Middleware\\ValidatePostSize.php(27): Illuminate\\Pipeline\\Pipeline->Illuminate\\Pipeline\\{closure}(Object(Illuminate\\Http\\Request))
#41 C:\\xampp\\htdocs\\Repositorio_Grupal\\PSiga_2823506\\CODIGO PROYECTO\\BACKEND\\vendor\\laravel\\framework\\src\\Illuminate\\Pipeline\\Pipeline.php(208): Illuminate\\Http\\Middleware\\ValidatePostSize->handle(Object(Illuminate\\Http\\Request), Object(Closure))
#42 C:\\xampp\\htdocs\\Repositorio_Grupal\\PSiga_2823506\\CODIGO PROYECTO\\BACKEND\\vendor\\laravel\\framework\\src\\Illuminate\\Foundation\\Http\\Middleware\\PreventRequestsDuringMaintenance.php(109): Illuminate\\Pipeline\\Pipeline->Illuminate\\Pipeline\\{closure}(Object(Illuminate\\Http\\Request))
#43 C:\\xampp\\htdocs\\Repositorio_Grupal\\PSiga_2823506\\CODIGO PROYECTO\\BACKEND\\vendor\\laravel\\framework\\src\\Illuminate\\Pipeline\\Pipeline.php(208): Illuminate\\Foundation\\Http\\Middleware\\PreventRequestsDuringMaintenance->handle(Object(Illuminate\\Http\\Request), Object(Closure))
#44 C:\\xampp\\htdocs\\Repositorio_Grupal\\PSiga_2823506\\CODIGO PROYECTO\\BACKEND\\vendor\\laravel\\framework\\src\\Illuminate\\Http\\Middleware\\HandleCors.php(61): Illuminate\\Pipeline\\Pipeline->Illuminate\\Pipeline\\{closure}(Object(Illuminate\\Http\\Request))
#45 C:\\xampp\\htdocs\\Repositorio_Grupal\\PSiga_2823506\\CODIGO PROYECTO\\BACKEND\\vendor\\laravel\\framework\\src\\Illuminate\\Pipeline\\Pipeline.php(208): Illuminate\\Http\\Middleware\\HandleCors->handle(Object(Illuminate\\Http\\Request), Object(Closure))
#46 C:\\xampp\\htdocs\\Repositorio_Grupal\\PSiga_2823506\\CODIGO PROYECTO\\BACKEND\\vendor\\laravel\\framework\\src\\Illuminate\\Http\\Middleware\\TrustProxies.php(58): Illuminate\\Pipeline\\Pipeline->Illuminate\\Pipeline\\{closure}(Object(Illuminate\\Http\\Request))
#47 C:\\xampp\\htdocs\\Repositorio_Grupal\\PSiga_2823506\\CODIGO PROYECTO\\BACKEND\\vendor\\laravel\\framework\\src\\Illuminate\\Pipeline\\Pipeline.php(208): Illuminate\\Http\\Middleware\\TrustProxies->handle(Object(Illuminate\\Http\\Request), Object(Closure))
#48 C:\\xampp\\htdocs\\Repositorio_Grupal\\PSiga_2823506\\CODIGO PROYECTO\\BACKEND\\vendor\\laravel\\framework\\src\\Illuminate\\Foundation\\Http\\Middleware\\InvokeDeferredCallbacks.php(22): Illuminate\\Pipeline\\Pipeline->Illuminate\\Pipeline\\{closure}(Object(Illuminate\\Http\\Request))
#49 C:\\xampp\\htdocs\\Repositorio_Grupal\\PSiga_2823506\\CODIGO PROYECTO\\BACKEND\\vendor\\laravel\\framework\\src\\Illuminate\\Pipeline\\Pipeline.php(208): Illuminate\\Foundation\\Http\\Middleware\\InvokeDeferredCallbacks->handle(Object(Illuminate\\Http\\Request), Object(Closure))
#50 C:\\xampp\\htdocs\\Repositorio_Grupal\\PSiga_2823506\\CODIGO PROYECTO\\BACKEND\\vendor\\laravel\\framework\\src\\Illuminate\\Http\\Middleware\\ValidatePathEncoding.php(26): Illuminate\\Pipeline\\Pipeline->Illuminate\\Pipeline\\{closure}(Object(Illuminate\\Http\\Request))
#51 C:\\xampp\\htdocs\\Repositorio_Grupal\\PSiga_2823506\\CODIGO PROYECTO\\BACKEND\\vendor\\laravel\\framework\\src\\Illuminate\\Pipeline\\Pipeline.php(208): Illuminate\\Http\\Middleware\\ValidatePathEncoding->handle(Object(Illuminate\\Http\\Request), Object(Closure))
#52 C:\\xampp\\htdocs\\Repositorio_Grupal\\PSiga_2823506\\CODIGO PROYECTO\\BACKEND\\vendor\\laravel\\framework\\src\\Illuminate\\Pipeline\\Pipeline.php(126): Illuminate\\Pipeline\\Pipeline->Illuminate\\Pipeline\\{closure}(Object(Illuminate\\Http\\Request))
#53 C:\\xampp\\htdocs\\Repositorio_Grupal\\PSiga_2823506\\CODIGO PROYECTO\\BACKEND\\vendor\\laravel\\framework\\src\\Illuminate\\Foundation\\Http\\Kernel.php(175): Illuminate\\Pipeline\\Pipeline->then(Object(Closure))
#54 C:\\xampp\\htdocs\\Repositorio_Grupal\\PSiga_2823506\\CODIGO PROYECTO\\BACKEND\\vendor\\laravel\\framework\\src\\Illuminate\\Foundation\\Http\\Kernel.php(144): Illuminate\\Foundation\\Http\\Kernel->sendRequestThroughRouter(Object(Illuminate\\Http\\Request))
#55 C:\\xampp\\htdocs\\Repositorio_Grupal\\PSiga_2823506\\CODIGO PROYECTO\\BACKEND\\vendor\\laravel\\framework\\src\\Illuminate\\Foundation\\Application.php(1219): Illuminate\\Foundation\\Http\\Kernel->handle(Object(Illuminate\\Http\\Request))
#56 C:\\xampp\\htdocs\\Repositorio_Grupal\\PSiga_2823506\\CODIGO PROYECTO\\BACKEND\\public\\index.php(20): Illuminate\\Foundation\\Application->handleRequest(Object(Illuminate\\Http\\Request))
#57 C:\\xampp\\htdocs\\Repositorio_Grupal\\PSiga_2823506\\CODIGO PROYECTO\\BACKEND\\vendor\\laravel\\framework\\src\\Illuminate\\Foundation\\resources\\server.php(23): require_once('C:\\\\xampp\\\\htdocs...')
#58 {main}
"} 
[2025-05-12 18:42:14] local.ERROR: Class "app\Models\Clase" not found {"exception":"[object] (Error(code: 0): Class \"app\\Models\\Clase\" not found at C:\\xampp\\htdocs\\Repositorio_Grupal\\PSiga_2823506\\CODIGO PROYECTO\\BACKEND\\app\\Http\\Controllers\\ClaseController.php:24)
[stacktrace]
#0 C:\\xampp\\htdocs\\Repositorio_Grupal\\PSiga_2823506\\CODIGO PROYECTO\\BACKEND\\vendor\\laravel\\framework\\src\\Illuminate\\Routing\\ControllerDispatcher.php(46): App\\Http\\Controllers\\ClaseController->store(Object(Illuminate\\Http\\Request))
#1 C:\\xampp\\htdocs\\Repositorio_Grupal\\PSiga_2823506\\CODIGO PROYECTO\\BACKEND\\vendor\\laravel\\framework\\src\\Illuminate\\Routing\\Route.php(265): Illuminate\\Routing\\ControllerDispatcher->dispatch(Object(Illuminate\\Routing\\Route), Object(App\\Http\\Controllers\\ClaseController), 'store')
#2 C:\\xampp\\htdocs\\Repositorio_Grupal\\PSiga_2823506\\CODIGO PROYECTO\\BACKEND\\vendor\\laravel\\framework\\src\\Illuminate\\Routing\\Route.php(211): Illuminate\\Routing\\Route->runController()
#3 C:\\xampp\\htdocs\\Repositorio_Grupal\\PSiga_2823506\\CODIGO PROYECTO\\BACKEND\\vendor\\laravel\\framework\\src\\Illuminate\\Routing\\Router.php(808): Illuminate\\Routing\\Route->run()
#4 C:\\xampp\\htdocs\\Repositorio_Grupal\\PSiga_2823506\\CODIGO PROYECTO\\BACKEND\\vendor\\laravel\\framework\\src\\Illuminate\\Pipeline\\Pipeline.php(169): Illuminate\\Routing\\Router->Illuminate\\Routing\\{closure}(Object(Illuminate\\Http\\Request))
#5 C:\\xampp\\htdocs\\Repositorio_Grupal\\PSiga_2823506\\CODIGO PROYECTO\\BACKEND\\vendor\\laravel\\framework\\src\\Illuminate\\Routing\\Middleware\\SubstituteBindings.php(50): Illuminate\\Pipeline\\Pipeline->Illuminate\\Pipeline\\{closure}(Object(Illuminate\\Http\\Request))
#6 C:\\xampp\\htdocs\\Repositorio_Grupal\\PSiga_2823506\\CODIGO PROYECTO\\BACKEND\\vendor\\laravel\\framework\\src\\Illuminate\\Pipeline\\Pipeline.php(208): Illuminate\\Routing\\Middleware\\SubstituteBindings->handle(Object(Illuminate\\Http\\Request), Object(Closure))
#7 C:\\xampp\\htdocs\\Repositorio_Grupal\\PSiga_2823506\\CODIGO PROYECTO\\BACKEND\\vendor\\laravel\\framework\\src\\Illuminate\\Pipeline\\Pipeline.php(126): Illuminate\\Pipeline\\Pipeline->Illuminate\\Pipeline\\{closure}(Object(Illuminate\\Http\\Request))
#8 C:\\xampp\\htdocs\\Repositorio_Grupal\\PSiga_2823506\\CODIGO PROYECTO\\BACKEND\\vendor\\laravel\\framework\\src\\Illuminate\\Routing\\Router.php(807): Illuminate\\Pipeline\\Pipeline->then(Object(Closure))
#9 C:\\xampp\\htdocs\\Repositorio_Grupal\\PSiga_2823506\\CODIGO PROYECTO\\BACKEND\\vendor\\laravel\\framework\\src\\Illuminate\\Routing\\Router.php(786): Illuminate\\Routing\\Router->runRouteWithinStack(Object(Illuminate\\Routing\\Route), Object(Illuminate\\Http\\Request))
#10 C:\\xampp\\htdocs\\Repositorio_Grupal\\PSiga_2823506\\CODIGO PROYECTO\\BACKEND\\vendor\\laravel\\framework\\src\\Illuminate\\Routing\\Router.php(750): Illuminate\\Routing\\Router->runRoute(Object(Illuminate\\Http\\Request), Object(Illuminate\\Routing\\Route))
#11 C:\\xampp\\htdocs\\Repositorio_Grupal\\PSiga_2823506\\CODIGO PROYECTO\\BACKEND\\vendor\\laravel\\framework\\src\\Illuminate\\Routing\\Router.php(739): Illuminate\\Routing\\Router->dispatchToRoute(Object(Illuminate\\Http\\Request))
#12 C:\\xampp\\htdocs\\Repositorio_Grupal\\PSiga_2823506\\CODIGO PROYECTO\\BACKEND\\vendor\\laravel\\framework\\src\\Illuminate\\Foundation\\Http\\Kernel.php(200): Illuminate\\Routing\\Router->dispatch(Object(Illuminate\\Http\\Request))
#13 C:\\xampp\\htdocs\\Repositorio_Grupal\\PSiga_2823506\\CODIGO PROYECTO\\BACKEND\\vendor\\laravel\\framework\\src\\Illuminate\\Pipeline\\Pipeline.php(169): Illuminate\\Foundation\\Http\\Kernel->Illuminate\\Foundation\\Http\\{closure}(Object(Illuminate\\Http\\Request))
#14 C:\\xampp\\htdocs\\Repositorio_Grupal\\PSiga_2823506\\CODIGO PROYECTO\\BACKEND\\vendor\\laravel\\framework\\src\\Illuminate\\Foundation\\Http\\Middleware\\TransformsRequest.php(21): Illuminate\\Pipeline\\Pipeline->Illuminate\\Pipeline\\{closure}(Object(Illuminate\\Http\\Request))
#15 C:\\xampp\\htdocs\\Repositorio_Grupal\\PSiga_2823506\\CODIGO PROYECTO\\BACKEND\\vendor\\laravel\\framework\\src\\Illuminate\\Foundation\\Http\\Middleware\\ConvertEmptyStringsToNull.php(31): Illuminate\\Foundation\\Http\\Middleware\\TransformsRequest->handle(Object(Illuminate\\Http\\Request), Object(Closure))
#16 C:\\xampp\\htdocs\\Repositorio_Grupal\\PSiga_2823506\\CODIGO PROYECTO\\BACKEND\\vendor\\laravel\\framework\\src\\Illuminate\\Pipeline\\Pipeline.php(208): Illuminate\\Foundation\\Http\\Middleware\\ConvertEmptyStringsToNull->handle(Object(Illuminate\\Http\\Request), Object(Closure))
#17 C:\\xampp\\htdocs\\Repositorio_Grupal\\PSiga_2823506\\CODIGO PROYECTO\\BACKEND\\vendor\\laravel\\framework\\src\\Illuminate\\Foundation\\Http\\Middleware\\TransformsRequest.php(21): Illuminate\\Pipeline\\Pipeline->Illuminate\\Pipeline\\{closure}(Object(Illuminate\\Http\\Request))
#18 C:\\xampp\\htdocs\\Repositorio_Grupal\\PSiga_2823506\\CODIGO PROYECTO\\BACKEND\\vendor\\laravel\\framework\\src\\Illuminate\\Foundation\\Http\\Middleware\\TrimStrings.php(51): Illuminate\\Foundation\\Http\\Middleware\\TransformsRequest->handle(Object(Illuminate\\Http\\Request), Object(Closure))
#19 C:\\xampp\\htdocs\\Repositorio_Grupal\\PSiga_2823506\\CODIGO PROYECTO\\BACKEND\\vendor\\laravel\\framework\\src\\Illuminate\\Pipeline\\Pipeline.php(208): Illuminate\\Foundation\\Http\\Middleware\\TrimStrings->handle(Object(Illuminate\\Http\\Request), Object(Closure))
#20 C:\\xampp\\htdocs\\Repositorio_Grupal\\PSiga_2823506\\CODIGO PROYECTO\\BACKEND\\vendor\\laravel\\framework\\src\\Illuminate\\Http\\Middleware\\ValidatePostSize.php(27): Illuminate\\Pipeline\\Pipeline->Illuminate\\Pipeline\\{closure}(Object(Illuminate\\Http\\Request))
#21 C:\\xampp\\htdocs\\Repositorio_Grupal\\PSiga_2823506\\CODIGO PROYECTO\\BACKEND\\vendor\\laravel\\framework\\src\\Illuminate\\Pipeline\\Pipeline.php(208): Illuminate\\Http\\Middleware\\ValidatePostSize->handle(Object(Illuminate\\Http\\Request), Object(Closure))
#22 C:\\xampp\\htdocs\\Repositorio_Grupal\\PSiga_2823506\\CODIGO PROYECTO\\BACKEND\\vendor\\laravel\\framework\\src\\Illuminate\\Foundation\\Http\\Middleware\\PreventRequestsDuringMaintenance.php(109): Illuminate\\Pipeline\\Pipeline->Illuminate\\Pipeline\\{closure}(Object(Illuminate\\Http\\Request))
#23 C:\\xampp\\htdocs\\Repositorio_Grupal\\PSiga_2823506\\CODIGO PROYECTO\\BACKEND\\vendor\\laravel\\framework\\src\\Illuminate\\Pipeline\\Pipeline.php(208): Illuminate\\Foundation\\Http\\Middleware\\PreventRequestsDuringMaintenance->handle(Object(Illuminate\\Http\\Request), Object(Closure))
#24 C:\\xampp\\htdocs\\Repositorio_Grupal\\PSiga_2823506\\CODIGO PROYECTO\\BACKEND\\vendor\\laravel\\framework\\src\\Illuminate\\Http\\Middleware\\HandleCors.php(61): Illuminate\\Pipeline\\Pipeline->Illuminate\\Pipeline\\{closure}(Object(Illuminate\\Http\\Request))
#25 C:\\xampp\\htdocs\\Repositorio_Grupal\\PSiga_2823506\\CODIGO PROYECTO\\BACKEND\\vendor\\laravel\\framework\\src\\Illuminate\\Pipeline\\Pipeline.php(208): Illuminate\\Http\\Middleware\\HandleCors->handle(Object(Illuminate\\Http\\Request), Object(Closure))
#26 C:\\xampp\\htdocs\\Repositorio_Grupal\\PSiga_2823506\\CODIGO PROYECTO\\BACKEND\\vendor\\laravel\\framework\\src\\Illuminate\\Http\\Middleware\\TrustProxies.php(58): Illuminate\\Pipeline\\Pipeline->Illuminate\\Pipeline\\{closure}(Object(Illuminate\\Http\\Request))
#27 C:\\xampp\\htdocs\\Repositorio_Grupal\\PSiga_2823506\\CODIGO PROYECTO\\BACKEND\\vendor\\laravel\\framework\\src\\Illuminate\\Pipeline\\Pipeline.php(208): Illuminate\\Http\\Middleware\\TrustProxies->handle(Object(Illuminate\\Http\\Request), Object(Closure))
#28 C:\\xampp\\htdocs\\Repositorio_Grupal\\PSiga_2823506\\CODIGO PROYECTO\\BACKEND\\vendor\\laravel\\framework\\src\\Illuminate\\Foundation\\Http\\Middleware\\InvokeDeferredCallbacks.php(22): Illuminate\\Pipeline\\Pipeline->Illuminate\\Pipeline\\{closure}(Object(Illuminate\\Http\\Request))
#29 C:\\xampp\\htdocs\\Repositorio_Grupal\\PSiga_2823506\\CODIGO PROYECTO\\BACKEND\\vendor\\laravel\\framework\\src\\Illuminate\\Pipeline\\Pipeline.php(208): Illuminate\\Foundation\\Http\\Middleware\\InvokeDeferredCallbacks->handle(Object(Illuminate\\Http\\Request), Object(Closure))
#30 C:\\xampp\\htdocs\\Repositorio_Grupal\\PSiga_2823506\\CODIGO PROYECTO\\BACKEND\\vendor\\laravel\\framework\\src\\Illuminate\\Http\\Middleware\\ValidatePathEncoding.php(26): Illuminate\\Pipeline\\Pipeline->Illuminate\\Pipeline\\{closure}(Object(Illuminate\\Http\\Request))
#31 C:\\xampp\\htdocs\\Repositorio_Grupal\\PSiga_2823506\\CODIGO PROYECTO\\BACKEND\\vendor\\laravel\\framework\\src\\Illuminate\\Pipeline\\Pipeline.php(208): Illuminate\\Http\\Middleware\\ValidatePathEncoding->handle(Object(Illuminate\\Http\\Request), Object(Closure))
#32 C:\\xampp\\htdocs\\Repositorio_Grupal\\PSiga_2823506\\CODIGO PROYECTO\\BACKEND\\vendor\\laravel\\framework\\src\\Illuminate\\Pipeline\\Pipeline.php(126): Illuminate\\Pipeline\\Pipeline->Illuminate\\Pipeline\\{closure}(Object(Illuminate\\Http\\Request))
#33 C:\\xampp\\htdocs\\Repositorio_Grupal\\PSiga_2823506\\CODIGO PROYECTO\\BACKEND\\vendor\\laravel\\framework\\src\\Illuminate\\Foundation\\Http\\Kernel.php(175): Illuminate\\Pipeline\\Pipeline->then(Object(Closure))
#34 C:\\xampp\\htdocs\\Repositorio_Grupal\\PSiga_2823506\\CODIGO PROYECTO\\BACKEND\\vendor\\laravel\\framework\\src\\Illuminate\\Foundation\\Http\\Kernel.php(144): Illuminate\\Foundation\\Http\\Kernel->sendRequestThroughRouter(Object(Illuminate\\Http\\Request))
#35 C:\\xampp\\htdocs\\Repositorio_Grupal\\PSiga_2823506\\CODIGO PROYECTO\\BACKEND\\vendor\\laravel\\framework\\src\\Illuminate\\Foundation\\Application.php(1219): Illuminate\\Foundation\\Http\\Kernel->handle(Object(Illuminate\\Http\\Request))
#36 C:\\xampp\\htdocs\\Repositorio_Grupal\\PSiga_2823506\\CODIGO PROYECTO\\BACKEND\\public\\index.php(20): Illuminate\\Foundation\\Application->handleRequest(Object(Illuminate\\Http\\Request))
#37 C:\\xampp\\htdocs\\Repositorio_Grupal\\PSiga_2823506\\CODIGO PROYECTO\\BACKEND\\vendor\\laravel\\framework\\src\\Illuminate\\Foundation\\resources\\server.php(23): require_once('C:\\\\xampp\\\\htdocs...')
#38 {main}
"} 
[2025-05-12 18:59:15] local.ERROR: SQLSTATE[42S02]: Base table or view not found: 1146 Table 'siga.clase' doesn't exist (Connection: mysql, SQL: select count(*) as aggregate from `clase` where `id` = 2) {"exception":"[object] (Illuminate\\Database\\QueryException(code: 42S02): SQLSTATE[42S02]: Base table or view not found: 1146 Table 'siga.clase' doesn't exist (Connection: mysql, SQL: select count(*) as aggregate from `clase` where `id` = 2) at C:\\xampp\\htdocs\\Repositorio_Grupal\\PSiga_2823506\\CODIGO PROYECTO\\BACKEND\\vendor\\laravel\\framework\\src\\Illuminate\\Database\\Connection.php:822)
[stacktrace]
#0 C:\\xampp\\htdocs\\Repositorio_Grupal\\PSiga_2823506\\CODIGO PROYECTO\\BACKEND\\vendor\\laravel\\framework\\src\\Illuminate\\Database\\Connection.php(776): Illuminate\\Database\\Connection->runQueryCallback('select count(*)...', Array, Object(Closure))
#1 C:\\xampp\\htdocs\\Repositorio_Grupal\\PSiga_2823506\\CODIGO PROYECTO\\BACKEND\\vendor\\laravel\\framework\\src\\Illuminate\\Database\\Connection.php(395): Illuminate\\Database\\Connection->run('select count(*)...', Array, Object(Closure))
#2 C:\\xampp\\htdocs\\Repositorio_Grupal\\PSiga_2823506\\CODIGO PROYECTO\\BACKEND\\vendor\\laravel\\framework\\src\\Illuminate\\Database\\Query\\Builder.php(3107): Illuminate\\Database\\Connection->select('select count(*)...', Array, false)
#3 C:\\xampp\\htdocs\\Repositorio_Grupal\\PSiga_2823506\\CODIGO PROYECTO\\BACKEND\\vendor\\laravel\\framework\\src\\Illuminate\\Database\\Query\\Builder.php(3092): Illuminate\\Database\\Query\\Builder->runSelect()
#4 C:\\xampp\\htdocs\\Repositorio_Grupal\\PSiga_2823506\\CODIGO PROYECTO\\BACKEND\\vendor\\laravel\\framework\\src\\Illuminate\\Database\\Query\\Builder.php(3679): Illuminate\\Database\\Query\\Builder->Illuminate\\Database\\Query\\{closure}()
#5 C:\\xampp\\htdocs\\Repositorio_Grupal\\PSiga_2823506\\CODIGO PROYECTO\\BACKEND\\vendor\\laravel\\framework\\src\\Illuminate\\Database\\Query\\Builder.php(3091): Illuminate\\Database\\Query\\Builder->onceWithColumns(Array, Object(Closure))
#6 C:\\xampp\\htdocs\\Repositorio_Grupal\\PSiga_2823506\\CODIGO PROYECTO\\BACKEND\\vendor\\laravel\\framework\\src\\Illuminate\\Database\\Query\\Builder.php(3605): Illuminate\\Database\\Query\\Builder->get(Array)
#7 C:\\xampp\\htdocs\\Repositorio_Grupal\\PSiga_2823506\\CODIGO PROYECTO\\BACKEND\\vendor\\laravel\\framework\\src\\Illuminate\\Database\\Query\\Builder.php(3533): Illuminate\\Database\\Query\\Builder->aggregate('count', Array)
#8 C:\\xampp\\htdocs\\Repositorio_Grupal\\PSiga_2823506\\CODIGO PROYECTO\\BACKEND\\vendor\\laravel\\framework\\src\\Illuminate\\Validation\\DatabasePresenceVerifier.php(53): Illuminate\\Database\\Query\\Builder->count()
#9 C:\\xampp\\htdocs\\Repositorio_Grupal\\PSiga_2823506\\CODIGO PROYECTO\\BACKEND\\vendor\\laravel\\framework\\src\\Illuminate\\Validation\\Concerns\\ValidatesAttributes.php(984): Illuminate\\Validation\\DatabasePresenceVerifier->getCount('clase', 'id', '2', NULL, NULL, Array)
#10 C:\\xampp\\htdocs\\Repositorio_Grupal\\PSiga_2823506\\CODIGO PROYECTO\\BACKEND\\vendor\\laravel\\framework\\src\\Illuminate\\Validation\\Concerns\\ValidatesAttributes.php(955): Illuminate\\Validation\\Validator->getExistCount(NULL, 'clase', 'id', '2', Array)
#11 C:\\xampp\\htdocs\\Repositorio_Grupal\\PSiga_2823506\\CODIGO PROYECTO\\BACKEND\\vendor\\laravel\\framework\\src\\Illuminate\\Validation\\Validator.php(685): Illuminate\\Validation\\Validator->validateExists('clase_id', '2', Array, Object(Illuminate\\Validation\\Validator))
#12 C:\\xampp\\htdocs\\Repositorio_Grupal\\PSiga_2823506\\CODIGO PROYECTO\\BACKEND\\vendor\\laravel\\framework\\src\\Illuminate\\Validation\\Validator.php(480): Illuminate\\Validation\\Validator->validateAttribute('clase_id', 'Exists')
#13 C:\\xampp\\htdocs\\Repositorio_Grupal\\PSiga_2823506\\CODIGO PROYECTO\\BACKEND\\vendor\\laravel\\framework\\src\\Illuminate\\Validation\\Validator.php(515): Illuminate\\Validation\\Validator->passes()
#14 C:\\xampp\\htdocs\\Repositorio_Grupal\\PSiga_2823506\\CODIGO PROYECTO\\BACKEND\\vendor\\laravel\\framework\\src\\Illuminate\\Validation\\Validator.php(557): Illuminate\\Validation\\Validator->fails()
#15 C:\\xampp\\htdocs\\Repositorio_Grupal\\PSiga_2823506\\CODIGO PROYECTO\\BACKEND\\vendor\\laravel\\framework\\src\\Illuminate\\Foundation\\Providers\\FoundationServiceProvider.php(155): Illuminate\\Validation\\Validator->validate()
#16 C:\\xampp\\htdocs\\Repositorio_Grupal\\PSiga_2823506\\CODIGO PROYECTO\\BACKEND\\vendor\\laravel\\framework\\src\\Illuminate\\Macroable\\Traits\\Macroable.php(126): Illuminate\\Http\\Request->Illuminate\\Foundation\\Providers\\{closure}(Array)
#17 C:\\xampp\\htdocs\\Repositorio_Grupal\\PSiga_2823506\\CODIGO PROYECTO\\BACKEND\\app\\Http\\Controllers\\AsistenciaController.php(13): Illuminate\\Http\\Request->__call('validate', Array)
#18 C:\\xampp\\htdocs\\Repositorio_Grupal\\PSiga_2823506\\CODIGO PROYECTO\\BACKEND\\vendor\\laravel\\framework\\src\\Illuminate\\Routing\\ControllerDispatcher.php(46): App\\Http\\Controllers\\AsistenciaController->marcar(Object(Illuminate\\Http\\Request))
#19 C:\\xampp\\htdocs\\Repositorio_Grupal\\PSiga_2823506\\CODIGO PROYECTO\\BACKEND\\vendor\\laravel\\framework\\src\\Illuminate\\Routing\\Route.php(265): Illuminate\\Routing\\ControllerDispatcher->dispatch(Object(Illuminate\\Routing\\Route), Object(App\\Http\\Controllers\\AsistenciaController), 'marcar')
#20 C:\\xampp\\htdocs\\Repositorio_Grupal\\PSiga_2823506\\CODIGO PROYECTO\\BACKEND\\vendor\\laravel\\framework\\src\\Illuminate\\Routing\\Route.php(211): Illuminate\\Routing\\Route->runController()
#21 C:\\xampp\\htdocs\\Repositorio_Grupal\\PSiga_2823506\\CODIGO PROYECTO\\BACKEND\\vendor\\laravel\\framework\\src\\Illuminate\\Routing\\Router.php(808): Illuminate\\Routing\\Route->run()
#22 C:\\xampp\\htdocs\\Repositorio_Grupal\\PSiga_2823506\\CODIGO PROYECTO\\BACKEND\\vendor\\laravel\\framework\\src\\Illuminate\\Pipeline\\Pipeline.php(169): Illuminate\\Routing\\Router->Illuminate\\Routing\\{closure}(Object(Illuminate\\Http\\Request))
#23 C:\\xampp\\htdocs\\Repositorio_Grupal\\PSiga_2823506\\CODIGO PROYECTO\\BACKEND\\vendor\\laravel\\framework\\src\\Illuminate\\Routing\\Middleware\\SubstituteBindings.php(50): Illuminate\\Pipeline\\Pipeline->Illuminate\\Pipeline\\{closure}(Object(Illuminate\\Http\\Request))
#24 C:\\xampp\\htdocs\\Repositorio_Grupal\\PSiga_2823506\\CODIGO PROYECTO\\BACKEND\\vendor\\laravel\\framework\\src\\Illuminate\\Pipeline\\Pipeline.php(208): Illuminate\\Routing\\Middleware\\SubstituteBindings->handle(Object(Illuminate\\Http\\Request), Object(Closure))
#25 C:\\xampp\\htdocs\\Repositorio_Grupal\\PSiga_2823506\\CODIGO PROYECTO\\BACKEND\\vendor\\laravel\\framework\\src\\Illuminate\\Pipeline\\Pipeline.php(126): Illuminate\\Pipeline\\Pipeline->Illuminate\\Pipeline\\{closure}(Object(Illuminate\\Http\\Request))
#26 C:\\xampp\\htdocs\\Repositorio_Grupal\\PSiga_2823506\\CODIGO PROYECTO\\BACKEND\\vendor\\laravel\\framework\\src\\Illuminate\\Routing\\Router.php(807): Illuminate\\Pipeline\\Pipeline->then(Object(Closure))
#27 C:\\xampp\\htdocs\\Repositorio_Grupal\\PSiga_2823506\\CODIGO PROYECTO\\BACKEND\\vendor\\laravel\\framework\\src\\Illuminate\\Routing\\Router.php(786): Illuminate\\Routing\\Router->runRouteWithinStack(Object(Illuminate\\Routing\\Route), Object(Illuminate\\Http\\Request))
#28 C:\\xampp\\htdocs\\Repositorio_Grupal\\PSiga_2823506\\CODIGO PROYECTO\\BACKEND\\vendor\\laravel\\framework\\src\\Illuminate\\Routing\\Router.php(750): Illuminate\\Routing\\Router->runRoute(Object(Illuminate\\Http\\Request), Object(Illuminate\\Routing\\Route))
#29 C:\\xampp\\htdocs\\Repositorio_Grupal\\PSiga_2823506\\CODIGO PROYECTO\\BACKEND\\vendor\\laravel\\framework\\src\\Illuminate\\Routing\\Router.php(739): Illuminate\\Routing\\Router->dispatchToRoute(Object(Illuminate\\Http\\Request))
#30 C:\\xampp\\htdocs\\Repositorio_Grupal\\PSiga_2823506\\CODIGO PROYECTO\\BACKEND\\vendor\\laravel\\framework\\src\\Illuminate\\Foundation\\Http\\Kernel.php(200): Illuminate\\Routing\\Router->dispatch(Object(Illuminate\\Http\\Request))
#31 C:\\xampp\\htdocs\\Repositorio_Grupal\\PSiga_2823506\\CODIGO PROYECTO\\BACKEND\\vendor\\laravel\\framework\\src\\Illuminate\\Pipeline\\Pipeline.php(169): Illuminate\\Foundation\\Http\\Kernel->Illuminate\\Foundation\\Http\\{closure}(Object(Illuminate\\Http\\Request))
#32 C:\\xampp\\htdocs\\Repositorio_Grupal\\PSiga_2823506\\CODIGO PROYECTO\\BACKEND\\vendor\\laravel\\framework\\src\\Illuminate\\Foundation\\Http\\Middleware\\TransformsRequest.php(21): Illuminate\\Pipeline\\Pipeline->Illuminate\\Pipeline\\{closure}(Object(Illuminate\\Http\\Request))
#33 C:\\xampp\\htdocs\\Repositorio_Grupal\\PSiga_2823506\\CODIGO PROYECTO\\BACKEND\\vendor\\laravel\\framework\\src\\Illuminate\\Foundation\\Http\\Middleware\\ConvertEmptyStringsToNull.php(31): Illuminate\\Foundation\\Http\\Middleware\\TransformsRequest->handle(Object(Illuminate\\Http\\Request), Object(Closure))
#34 C:\\xampp\\htdocs\\Repositorio_Grupal\\PSiga_2823506\\CODIGO PROYECTO\\BACKEND\\vendor\\laravel\\framework\\src\\Illuminate\\Pipeline\\Pipeline.php(208): Illuminate\\Foundation\\Http\\Middleware\\ConvertEmptyStringsToNull->handle(Object(Illuminate\\Http\\Request), Object(Closure))
#35 C:\\xampp\\htdocs\\Repositorio_Grupal\\PSiga_2823506\\CODIGO PROYECTO\\BACKEND\\vendor\\laravel\\framework\\src\\Illuminate\\Foundation\\Http\\Middleware\\TransformsRequest.php(21): Illuminate\\Pipeline\\Pipeline->Illuminate\\Pipeline\\{closure}(Object(Illuminate\\Http\\Request))
#36 C:\\xampp\\htdocs\\Repositorio_Grupal\\PSiga_2823506\\CODIGO PROYECTO\\BACKEND\\vendor\\laravel\\framework\\src\\Illuminate\\Foundation\\Http\\Middleware\\TrimStrings.php(51): Illuminate\\Foundation\\Http\\Middleware\\TransformsRequest->handle(Object(Illuminate\\Http\\Request), Object(Closure))
#37 C:\\xampp\\htdocs\\Repositorio_Grupal\\PSiga_2823506\\CODIGO PROYECTO\\BACKEND\\vendor\\laravel\\framework\\src\\Illuminate\\Pipeline\\Pipeline.php(208): Illuminate\\Foundation\\Http\\Middleware\\TrimStrings->handle(Object(Illuminate\\Http\\Request), Object(Closure))
#38 C:\\xampp\\htdocs\\Repositorio_Grupal\\PSiga_2823506\\CODIGO PROYECTO\\BACKEND\\vendor\\laravel\\framework\\src\\Illuminate\\Http\\Middleware\\ValidatePostSize.php(27): Illuminate\\Pipeline\\Pipeline->Illuminate\\Pipeline\\{closure}(Object(Illuminate\\Http\\Request))
#39 C:\\xampp\\htdocs\\Repositorio_Grupal\\PSiga_2823506\\CODIGO PROYECTO\\BACKEND\\vendor\\laravel\\framework\\src\\Illuminate\\Pipeline\\Pipeline.php(208): Illuminate\\Http\\Middleware\\ValidatePostSize->handle(Object(Illuminate\\Http\\Request), Object(Closure))
#40 C:\\xampp\\htdocs\\Repositorio_Grupal\\PSiga_2823506\\CODIGO PROYECTO\\BACKEND\\vendor\\laravel\\framework\\src\\Illuminate\\Foundation\\Http\\Middleware\\PreventRequestsDuringMaintenance.php(109): Illuminate\\Pipeline\\Pipeline->Illuminate\\Pipeline\\{closure}(Object(Illuminate\\Http\\Request))
#41 C:\\xampp\\htdocs\\Repositorio_Grupal\\PSiga_2823506\\CODIGO PROYECTO\\BACKEND\\vendor\\laravel\\framework\\src\\Illuminate\\Pipeline\\Pipeline.php(208): Illuminate\\Foundation\\Http\\Middleware\\PreventRequestsDuringMaintenance->handle(Object(Illuminate\\Http\\Request), Object(Closure))
#42 C:\\xampp\\htdocs\\Repositorio_Grupal\\PSiga_2823506\\CODIGO PROYECTO\\BACKEND\\vendor\\laravel\\framework\\src\\Illuminate\\Http\\Middleware\\HandleCors.php(61): Illuminate\\Pipeline\\Pipeline->Illuminate\\Pipeline\\{closure}(Object(Illuminate\\Http\\Request))
#43 C:\\xampp\\htdocs\\Repositorio_Grupal\\PSiga_2823506\\CODIGO PROYECTO\\BACKEND\\vendor\\laravel\\framework\\src\\Illuminate\\Pipeline\\Pipeline.php(208): Illuminate\\Http\\Middleware\\HandleCors->handle(Object(Illuminate\\Http\\Request), Object(Closure))
#44 C:\\xampp\\htdocs\\Repositorio_Grupal\\PSiga_2823506\\CODIGO PROYECTO\\BACKEND\\vendor\\laravel\\framework\\src\\Illuminate\\Http\\Middleware\\TrustProxies.php(58): Illuminate\\Pipeline\\Pipeline->Illuminate\\Pipeline\\{closure}(Object(Illuminate\\Http\\Request))
#45 C:\\xampp\\htdocs\\Repositorio_Grupal\\PSiga_2823506\\CODIGO PROYECTO\\BACKEND\\vendor\\laravel\\framework\\src\\Illuminate\\Pipeline\\Pipeline.php(208): Illuminate\\Http\\Middleware\\TrustProxies->handle(Object(Illuminate\\Http\\Request), Object(Closure))
#46 C:\\xampp\\htdocs\\Repositorio_Grupal\\PSiga_2823506\\CODIGO PROYECTO\\BACKEND\\vendor\\laravel\\framework\\src\\Illuminate\\Foundation\\Http\\Middleware\\InvokeDeferredCallbacks.php(22): Illuminate\\Pipeline\\Pipeline->Illuminate\\Pipeline\\{closure}(Object(Illuminate\\Http\\Request))
#47 C:\\xampp\\htdocs\\Repositorio_Grupal\\PSiga_2823506\\CODIGO PROYECTO\\BACKEND\\vendor\\laravel\\framework\\src\\Illuminate\\Pipeline\\Pipeline.php(208): Illuminate\\Foundation\\Http\\Middleware\\InvokeDeferredCallbacks->handle(Object(Illuminate\\Http\\Request), Object(Closure))
#48 C:\\xampp\\htdocs\\Repositorio_Grupal\\PSiga_2823506\\CODIGO PROYECTO\\BACKEND\\vendor\\laravel\\framework\\src\\Illuminate\\Http\\Middleware\\ValidatePathEncoding.php(26): Illuminate\\Pipeline\\Pipeline->Illuminate\\Pipeline\\{closure}(Object(Illuminate\\Http\\Request))
#49 C:\\xampp\\htdocs\\Repositorio_Grupal\\PSiga_2823506\\CODIGO PROYECTO\\BACKEND\\vendor\\laravel\\framework\\src\\Illuminate\\Pipeline\\Pipeline.php(208): Illuminate\\Http\\Middleware\\ValidatePathEncoding->handle(Object(Illuminate\\Http\\Request), Object(Closure))
#50 C:\\xampp\\htdocs\\Repositorio_Grupal\\PSiga_2823506\\CODIGO PROYECTO\\BACKEND\\vendor\\laravel\\framework\\src\\Illuminate\\Pipeline\\Pipeline.php(126): Illuminate\\Pipeline\\Pipeline->Illuminate\\Pipeline\\{closure}(Object(Illuminate\\Http\\Request))
#51 C:\\xampp\\htdocs\\Repositorio_Grupal\\PSiga_2823506\\CODIGO PROYECTO\\BACKEND\\vendor\\laravel\\framework\\src\\Illuminate\\Foundation\\Http\\Kernel.php(175): Illuminate\\Pipeline\\Pipeline->then(Object(Closure))
#52 C:\\xampp\\htdocs\\Repositorio_Grupal\\PSiga_2823506\\CODIGO PROYECTO\\BACKEND\\vendor\\laravel\\framework\\src\\Illuminate\\Foundation\\Http\\Kernel.php(144): Illuminate\\Foundation\\Http\\Kernel->sendRequestThroughRouter(Object(Illuminate\\Http\\Request))
#53 C:\\xampp\\htdocs\\Repositorio_Grupal\\PSiga_2823506\\CODIGO PROYECTO\\BACKEND\\vendor\\laravel\\framework\\src\\Illuminate\\Foundation\\Application.php(1219): Illuminate\\Foundation\\Http\\Kernel->handle(Object(Illuminate\\Http\\Request))
#54 C:\\xampp\\htdocs\\Repositorio_Grupal\\PSiga_2823506\\CODIGO PROYECTO\\BACKEND\\public\\index.php(20): Illuminate\\Foundation\\Application->handleRequest(Object(Illuminate\\Http\\Request))
#55 C:\\xampp\\htdocs\\Repositorio_Grupal\\PSiga_2823506\\CODIGO PROYECTO\\BACKEND\\vendor\\laravel\\framework\\src\\Illuminate\\Foundation\\resources\\server.php(23): require_once('C:\\\\xampp\\\\htdocs...')
#56 {main}

[previous exception] [object] (PDOException(code: 42S02): SQLSTATE[42S02]: Base table or view not found: 1146 Table 'siga.clase' doesn't exist at C:\\xampp\\htdocs\\Repositorio_Grupal\\PSiga_2823506\\CODIGO PROYECTO\\BACKEND\\vendor\\laravel\\framework\\src\\Illuminate\\Database\\Connection.php:404)
[stacktrace]
#0 C:\\xampp\\htdocs\\Repositorio_Grupal\\PSiga_2823506\\CODIGO PROYECTO\\BACKEND\\vendor\\laravel\\framework\\src\\Illuminate\\Database\\Connection.php(404): PDO->prepare('select count(*)...')
#1 C:\\xampp\\htdocs\\Repositorio_Grupal\\PSiga_2823506\\CODIGO PROYECTO\\BACKEND\\vendor\\laravel\\framework\\src\\Illuminate\\Database\\Connection.php(809): Illuminate\\Database\\Connection->Illuminate\\Database\\{closure}('select count(*)...', Array)
#2 C:\\xampp\\htdocs\\Repositorio_Grupal\\PSiga_2823506\\CODIGO PROYECTO\\BACKEND\\vendor\\laravel\\framework\\src\\Illuminate\\Database\\Connection.php(776): Illuminate\\Database\\Connection->runQueryCallback('select count(*)...', Array, Object(Closure))
#3 C:\\xampp\\htdocs\\Repositorio_Grupal\\PSiga_2823506\\CODIGO PROYECTO\\BACKEND\\vendor\\laravel\\framework\\src\\Illuminate\\Database\\Connection.php(395): Illuminate\\Database\\Connection->run('select count(*)...', Array, Object(Closure))
#4 C:\\xampp\\htdocs\\Repositorio_Grupal\\PSiga_2823506\\CODIGO PROYECTO\\BACKEND\\vendor\\laravel\\framework\\src\\Illuminate\\Database\\Query\\Builder.php(3107): Illuminate\\Database\\Connection->select('select count(*)...', Array, false)
#5 C:\\xampp\\htdocs\\Repositorio_Grupal\\PSiga_2823506\\CODIGO PROYECTO\\BACKEND\\vendor\\laravel\\framework\\src\\Illuminate\\Database\\Query\\Builder.php(3092): Illuminate\\Database\\Query\\Builder->runSelect()
#6 C:\\xampp\\htdocs\\Repositorio_Grupal\\PSiga_2823506\\CODIGO PROYECTO\\BACKEND\\vendor\\laravel\\framework\\src\\Illuminate\\Database\\Query\\Builder.php(3679): Illuminate\\Database\\Query\\Builder->Illuminate\\Database\\Query\\{closure}()
#7 C:\\xampp\\htdocs\\Repositorio_Grupal\\PSiga_2823506\\CODIGO PROYECTO\\BACKEND\\vendor\\laravel\\framework\\src\\Illuminate\\Database\\Query\\Builder.php(3091): Illuminate\\Database\\Query\\Builder->onceWithColumns(Array, Object(Closure))
#8 C:\\xampp\\htdocs\\Repositorio_Grupal\\PSiga_2823506\\CODIGO PROYECTO\\BACKEND\\vendor\\laravel\\framework\\src\\Illuminate\\Database\\Query\\Builder.php(3605): Illuminate\\Database\\Query\\Builder->get(Array)
#9 C:\\xampp\\htdocs\\Repositorio_Grupal\\PSiga_2823506\\CODIGO PROYECTO\\BACKEND\\vendor\\laravel\\framework\\src\\Illuminate\\Database\\Query\\Builder.php(3533): Illuminate\\Database\\Query\\Builder->aggregate('count', Array)
#10 C:\\xampp\\htdocs\\Repositorio_Grupal\\PSiga_2823506\\CODIGO PROYECTO\\BACKEND\\vendor\\laravel\\framework\\src\\Illuminate\\Validation\\DatabasePresenceVerifier.php(53): Illuminate\\Database\\Query\\Builder->count()
#11 C:\\xampp\\htdocs\\Repositorio_Grupal\\PSiga_2823506\\CODIGO PROYECTO\\BACKEND\\vendor\\laravel\\framework\\src\\Illuminate\\Validation\\Concerns\\ValidatesAttributes.php(984): Illuminate\\Validation\\DatabasePresenceVerifier->getCount('clase', 'id', '2', NULL, NULL, Array)
#12 C:\\xampp\\htdocs\\Repositorio_Grupal\\PSiga_2823506\\CODIGO PROYECTO\\BACKEND\\vendor\\laravel\\framework\\src\\Illuminate\\Validation\\Concerns\\ValidatesAttributes.php(955): Illuminate\\Validation\\Validator->getExistCount(NULL, 'clase', 'id', '2', Array)
#13 C:\\xampp\\htdocs\\Repositorio_Grupal\\PSiga_2823506\\CODIGO PROYECTO\\BACKEND\\vendor\\laravel\\framework\\src\\Illuminate\\Validation\\Validator.php(685): Illuminate\\Validation\\Validator->validateExists('clase_id', '2', Array, Object(Illuminate\\Validation\\Validator))
#14 C:\\xampp\\htdocs\\Repositorio_Grupal\\PSiga_2823506\\CODIGO PROYECTO\\BACKEND\\vendor\\laravel\\framework\\src\\Illuminate\\Validation\\Validator.php(480): Illuminate\\Validation\\Validator->validateAttribute('clase_id', 'Exists')
#15 C:\\xampp\\htdocs\\Repositorio_Grupal\\PSiga_2823506\\CODIGO PROYECTO\\BACKEND\\vendor\\laravel\\framework\\src\\Illuminate\\Validation\\Validator.php(515): Illuminate\\Validation\\Validator->passes()
#16 C:\\xampp\\htdocs\\Repositorio_Grupal\\PSiga_2823506\\CODIGO PROYECTO\\BACKEND\\vendor\\laravel\\framework\\src\\Illuminate\\Validation\\Validator.php(557): Illuminate\\Validation\\Validator->fails()
#17 C:\\xampp\\htdocs\\Repositorio_Grupal\\PSiga_2823506\\CODIGO PROYECTO\\BACKEND\\vendor\\laravel\\framework\\src\\Illuminate\\Foundation\\Providers\\FoundationServiceProvider.php(155): Illuminate\\Validation\\Validator->validate()
#18 C:\\xampp\\htdocs\\Repositorio_Grupal\\PSiga_2823506\\CODIGO PROYECTO\\BACKEND\\vendor\\laravel\\framework\\src\\Illuminate\\Macroable\\Traits\\Macroable.php(126): Illuminate\\Http\\Request->Illuminate\\Foundation\\Providers\\{closure}(Array)
#19 C:\\xampp\\htdocs\\Repositorio_Grupal\\PSiga_2823506\\CODIGO PROYECTO\\BACKEND\\app\\Http\\Controllers\\AsistenciaController.php(13): Illuminate\\Http\\Request->__call('validate', Array)
#20 C:\\xampp\\htdocs\\Repositorio_Grupal\\PSiga_2823506\\CODIGO PROYECTO\\BACKEND\\vendor\\laravel\\framework\\src\\Illuminate\\Routing\\ControllerDispatcher.php(46): App\\Http\\Controllers\\AsistenciaController->marcar(Object(Illuminate\\Http\\Request))
#21 C:\\xampp\\htdocs\\Repositorio_Grupal\\PSiga_2823506\\CODIGO PROYECTO\\BACKEND\\vendor\\laravel\\framework\\src\\Illuminate\\Routing\\Route.php(265): Illuminate\\Routing\\ControllerDispatcher->dispatch(Object(Illuminate\\Routing\\Route), Object(App\\Http\\Controllers\\AsistenciaController), 'marcar')
#22 C:\\xampp\\htdocs\\Repositorio_Grupal\\PSiga_2823506\\CODIGO PROYECTO\\BACKEND\\vendor\\laravel\\framework\\src\\Illuminate\\Routing\\Route.php(211): Illuminate\\Routing\\Route->runController()
#23 C:\\xampp\\htdocs\\Repositorio_Grupal\\PSiga_2823506\\CODIGO PROYECTO\\BACKEND\\vendor\\laravel\\framework\\src\\Illuminate\\Routing\\Router.php(808): Illuminate\\Routing\\Route->run()
#24 C:\\xampp\\htdocs\\Repositorio_Grupal\\PSiga_2823506\\CODIGO PROYECTO\\BACKEND\\vendor\\laravel\\framework\\src\\Illuminate\\Pipeline\\Pipeline.php(169): Illuminate\\Routing\\Router->Illuminate\\Routing\\{closure}(Object(Illuminate\\Http\\Request))
#25 C:\\xampp\\htdocs\\Repositorio_Grupal\\PSiga_2823506\\CODIGO PROYECTO\\BACKEND\\vendor\\laravel\\framework\\src\\Illuminate\\Routing\\Middleware\\SubstituteBindings.php(50): Illuminate\\Pipeline\\Pipeline->Illuminate\\Pipeline\\{closure}(Object(Illuminate\\Http\\Request))
#26 C:\\xampp\\htdocs\\Repositorio_Grupal\\PSiga_2823506\\CODIGO PROYECTO\\BACKEND\\vendor\\laravel\\framework\\src\\Illuminate\\Pipeline\\Pipeline.php(208): Illuminate\\Routing\\Middleware\\SubstituteBindings->handle(Object(Illuminate\\Http\\Request), Object(Closure))
#27 C:\\xampp\\htdocs\\Repositorio_Grupal\\PSiga_2823506\\CODIGO PROYECTO\\BACKEND\\vendor\\laravel\\framework\\src\\Illuminate\\Pipeline\\Pipeline.php(126): Illuminate\\Pipeline\\Pipeline->Illuminate\\Pipeline\\{closure}(Object(Illuminate\\Http\\Request))
#28 C:\\xampp\\htdocs\\Repositorio_Grupal\\PSiga_2823506\\CODIGO PROYECTO\\BACKEND\\vendor\\laravel\\framework\\src\\Illuminate\\Routing\\Router.php(807): Illuminate\\Pipeline\\Pipeline->then(Object(Closure))
#29 C:\\xampp\\htdocs\\Repositorio_Grupal\\PSiga_2823506\\CODIGO PROYECTO\\BACKEND\\vendor\\laravel\\framework\\src\\Illuminate\\Routing\\Router.php(786): Illuminate\\Routing\\Router->runRouteWithinStack(Object(Illuminate\\Routing\\Route), Object(Illuminate\\Http\\Request))
#30 C:\\xampp\\htdocs\\Repositorio_Grupal\\PSiga_2823506\\CODIGO PROYECTO\\BACKEND\\vendor\\laravel\\framework\\src\\Illuminate\\Routing\\Router.php(750): Illuminate\\Routing\\Router->runRoute(Object(Illuminate\\Http\\Request), Object(Illuminate\\Routing\\Route))
#31 C:\\xampp\\htdocs\\Repositorio_Grupal\\PSiga_2823506\\CODIGO PROYECTO\\BACKEND\\vendor\\laravel\\framework\\src\\Illuminate\\Routing\\Router.php(739): Illuminate\\Routing\\Router->dispatchToRoute(Object(Illuminate\\Http\\Request))
#32 C:\\xampp\\htdocs\\Repositorio_Grupal\\PSiga_2823506\\CODIGO PROYECTO\\BACKEND\\vendor\\laravel\\framework\\src\\Illuminate\\Foundation\\Http\\Kernel.php(200): Illuminate\\Routing\\Router->dispatch(Object(Illuminate\\Http\\Request))
#33 C:\\xampp\\htdocs\\Repositorio_Grupal\\PSiga_2823506\\CODIGO PROYECTO\\BACKEND\\vendor\\laravel\\framework\\src\\Illuminate\\Pipeline\\Pipeline.php(169): Illuminate\\Foundation\\Http\\Kernel->Illuminate\\Foundation\\Http\\{closure}(Object(Illuminate\\Http\\Request))
#34 C:\\xampp\\htdocs\\Repositorio_Grupal\\PSiga_2823506\\CODIGO PROYECTO\\BACKEND\\vendor\\laravel\\framework\\src\\Illuminate\\Foundation\\Http\\Middleware\\TransformsRequest.php(21): Illuminate\\Pipeline\\Pipeline->Illuminate\\Pipeline\\{closure}(Object(Illuminate\\Http\\Request))
#35 C:\\xampp\\htdocs\\Repositorio_Grupal\\PSiga_2823506\\CODIGO PROYECTO\\BACKEND\\vendor\\laravel\\framework\\src\\Illuminate\\Foundation\\Http\\Middleware\\ConvertEmptyStringsToNull.php(31): Illuminate\\Foundation\\Http\\Middleware\\TransformsRequest->handle(Object(Illuminate\\Http\\Request), Object(Closure))
#36 C:\\xampp\\htdocs\\Repositorio_Grupal\\PSiga_2823506\\CODIGO PROYECTO\\BACKEND\\vendor\\laravel\\framework\\src\\Illuminate\\Pipeline\\Pipeline.php(208): Illuminate\\Foundation\\Http\\Middleware\\ConvertEmptyStringsToNull->handle(Object(Illuminate\\Http\\Request), Object(Closure))
#37 C:\\xampp\\htdocs\\Repositorio_Grupal\\PSiga_2823506\\CODIGO PROYECTO\\BACKEND\\vendor\\laravel\\framework\\src\\Illuminate\\Foundation\\Http\\Middleware\\TransformsRequest.php(21): Illuminate\\Pipeline\\Pipeline->Illuminate\\Pipeline\\{closure}(Object(Illuminate\\Http\\Request))
#38 C:\\xampp\\htdocs\\Repositorio_Grupal\\PSiga_2823506\\CODIGO PROYECTO\\BACKEND\\vendor\\laravel\\framework\\src\\Illuminate\\Foundation\\Http\\Middleware\\TrimStrings.php(51): Illuminate\\Foundation\\Http\\Middleware\\TransformsRequest->handle(Object(Illuminate\\Http\\Request), Object(Closure))
#39 C:\\xampp\\htdocs\\Repositorio_Grupal\\PSiga_2823506\\CODIGO PROYECTO\\BACKEND\\vendor\\laravel\\framework\\src\\Illuminate\\Pipeline\\Pipeline.php(208): Illuminate\\Foundation\\Http\\Middleware\\TrimStrings->handle(Object(Illuminate\\Http\\Request), Object(Closure))
#40 C:\\xampp\\htdocs\\Repositorio_Grupal\\PSiga_2823506\\CODIGO PROYECTO\\BACKEND\\vendor\\laravel\\framework\\src\\Illuminate\\Http\\Middleware\\ValidatePostSize.php(27): Illuminate\\Pipeline\\Pipeline->Illuminate\\Pipeline\\{closure}(Object(Illuminate\\Http\\Request))
#41 C:\\xampp\\htdocs\\Repositorio_Grupal\\PSiga_2823506\\CODIGO PROYECTO\\BACKEND\\vendor\\laravel\\framework\\src\\Illuminate\\Pipeline\\Pipeline.php(208): Illuminate\\Http\\Middleware\\ValidatePostSize->handle(Object(Illuminate\\Http\\Request), Object(Closure))
#42 C:\\xampp\\htdocs\\Repositorio_Grupal\\PSiga_2823506\\CODIGO PROYECTO\\BACKEND\\vendor\\laravel\\framework\\src\\Illuminate\\Foundation\\Http\\Middleware\\PreventRequestsDuringMaintenance.php(109): Illuminate\\Pipeline\\Pipeline->Illuminate\\Pipeline\\{closure}(Object(Illuminate\\Http\\Request))
#43 C:\\xampp\\htdocs\\Repositorio_Grupal\\PSiga_2823506\\CODIGO PROYECTO\\BACKEND\\vendor\\laravel\\framework\\src\\Illuminate\\Pipeline\\Pipeline.php(208): Illuminate\\Foundation\\Http\\Middleware\\PreventRequestsDuringMaintenance->handle(Object(Illuminate\\Http\\Request), Object(Closure))
#44 C:\\xampp\\htdocs\\Repositorio_Grupal\\PSiga_2823506\\CODIGO PROYECTO\\BACKEND\\vendor\\laravel\\framework\\src\\Illuminate\\Http\\Middleware\\HandleCors.php(61): Illuminate\\Pipeline\\Pipeline->Illuminate\\Pipeline\\{closure}(Object(Illuminate\\Http\\Request))
#45 C:\\xampp\\htdocs\\Repositorio_Grupal\\PSiga_2823506\\CODIGO PROYECTO\\BACKEND\\vendor\\laravel\\framework\\src\\Illuminate\\Pipeline\\Pipeline.php(208): Illuminate\\Http\\Middleware\\HandleCors->handle(Object(Illuminate\\Http\\Request), Object(Closure))
#46 C:\\xampp\\htdocs\\Repositorio_Grupal\\PSiga_2823506\\CODIGO PROYECTO\\BACKEND\\vendor\\laravel\\framework\\src\\Illuminate\\Http\\Middleware\\TrustProxies.php(58): Illuminate\\Pipeline\\Pipeline->Illuminate\\Pipeline\\{closure}(Object(Illuminate\\Http\\Request))
#47 C:\\xampp\\htdocs\\Repositorio_Grupal\\PSiga_2823506\\CODIGO PROYECTO\\BACKEND\\vendor\\laravel\\framework\\src\\Illuminate\\Pipeline\\Pipeline.php(208): Illuminate\\Http\\Middleware\\TrustProxies->handle(Object(Illuminate\\Http\\Request), Object(Closure))
#48 C:\\xampp\\htdocs\\Repositorio_Grupal\\PSiga_2823506\\CODIGO PROYECTO\\BACKEND\\vendor\\laravel\\framework\\src\\Illuminate\\Foundation\\Http\\Middleware\\InvokeDeferredCallbacks.php(22): Illuminate\\Pipeline\\Pipeline->Illuminate\\Pipeline\\{closure}(Object(Illuminate\\Http\\Request))
#49 C:\\xampp\\htdocs\\Repositorio_Grupal\\PSiga_2823506\\CODIGO PROYECTO\\BACKEND\\vendor\\laravel\\framework\\src\\Illuminate\\Pipeline\\Pipeline.php(208): Illuminate\\Foundation\\Http\\Middleware\\InvokeDeferredCallbacks->handle(Object(Illuminate\\Http\\Request), Object(Closure))
#50 C:\\xampp\\htdocs\\Repositorio_Grupal\\PSiga_2823506\\CODIGO PROYECTO\\BACKEND\\vendor\\laravel\\framework\\src\\Illuminate\\Http\\Middleware\\ValidatePathEncoding.php(26): Illuminate\\Pipeline\\Pipeline->Illuminate\\Pipeline\\{closure}(Object(Illuminate\\Http\\Request))
#51 C:\\xampp\\htdocs\\Repositorio_Grupal\\PSiga_2823506\\CODIGO PROYECTO\\BACKEND\\vendor\\laravel\\framework\\src\\Illuminate\\Pipeline\\Pipeline.php(208): Illuminate\\Http\\Middleware\\ValidatePathEncoding->handle(Object(Illuminate\\Http\\Request), Object(Closure))
#52 C:\\xampp\\htdocs\\Repositorio_Grupal\\PSiga_2823506\\CODIGO PROYECTO\\BACKEND\\vendor\\laravel\\framework\\src\\Illuminate\\Pipeline\\Pipeline.php(126): Illuminate\\Pipeline\\Pipeline->Illuminate\\Pipeline\\{closure}(Object(Illuminate\\Http\\Request))
#53 C:\\xampp\\htdocs\\Repositorio_Grupal\\PSiga_2823506\\CODIGO PROYECTO\\BACKEND\\vendor\\laravel\\framework\\src\\Illuminate\\Foundation\\Http\\Kernel.php(175): Illuminate\\Pipeline\\Pipeline->then(Object(Closure))
#54 C:\\xampp\\htdocs\\Repositorio_Grupal\\PSiga_2823506\\CODIGO PROYECTO\\BACKEND\\vendor\\laravel\\framework\\src\\Illuminate\\Foundation\\Http\\Kernel.php(144): Illuminate\\Foundation\\Http\\Kernel->sendRequestThroughRouter(Object(Illuminate\\Http\\Request))
#55 C:\\xampp\\htdocs\\Repositorio_Grupal\\PSiga_2823506\\CODIGO PROYECTO\\BACKEND\\vendor\\laravel\\framework\\src\\Illuminate\\Foundation\\Application.php(1219): Illuminate\\Foundation\\Http\\Kernel->handle(Object(Illuminate\\Http\\Request))
#56 C:\\xampp\\htdocs\\Repositorio_Grupal\\PSiga_2823506\\CODIGO PROYECTO\\BACKEND\\public\\index.php(20): Illuminate\\Foundation\\Application->handleRequest(Object(Illuminate\\Http\\Request))
#57 C:\\xampp\\htdocs\\Repositorio_Grupal\\PSiga_2823506\\CODIGO PROYECTO\\BACKEND\\vendor\\laravel\\framework\\src\\Illuminate\\Foundation\\resources\\server.php(23): require_once('C:\\\\xampp\\\\htdocs...')
#58 {main}
"} 
[2025-05-12 18:59:32] local.ERROR: SQLSTATE[42S02]: Base table or view not found: 1146 Table 'siga.estudiante' doesn't exist (Connection: mysql, SQL: select count(*) as aggregate from `estudiante` where `id` = 1) {"exception":"[object] (Illuminate\\Database\\QueryException(code: 42S02): SQLSTATE[42S02]: Base table or view not found: 1146 Table 'siga.estudiante' doesn't exist (Connection: mysql, SQL: select count(*) as aggregate from `estudiante` where `id` = 1) at C:\\xampp\\htdocs\\Repositorio_Grupal\\PSiga_2823506\\CODIGO PROYECTO\\BACKEND\\vendor\\laravel\\framework\\src\\Illuminate\\Database\\Connection.php:822)
[stacktrace]
#0 C:\\xampp\\htdocs\\Repositorio_Grupal\\PSiga_2823506\\CODIGO PROYECTO\\BACKEND\\vendor\\laravel\\framework\\src\\Illuminate\\Database\\Connection.php(776): Illuminate\\Database\\Connection->runQueryCallback('select count(*)...', Array, Object(Closure))
#1 C:\\xampp\\htdocs\\Repositorio_Grupal\\PSiga_2823506\\CODIGO PROYECTO\\BACKEND\\vendor\\laravel\\framework\\src\\Illuminate\\Database\\Connection.php(395): Illuminate\\Database\\Connection->run('select count(*)...', Array, Object(Closure))
#2 C:\\xampp\\htdocs\\Repositorio_Grupal\\PSiga_2823506\\CODIGO PROYECTO\\BACKEND\\vendor\\laravel\\framework\\src\\Illuminate\\Database\\Query\\Builder.php(3107): Illuminate\\Database\\Connection->select('select count(*)...', Array, false)
#3 C:\\xampp\\htdocs\\Repositorio_Grupal\\PSiga_2823506\\CODIGO PROYECTO\\BACKEND\\vendor\\laravel\\framework\\src\\Illuminate\\Database\\Query\\Builder.php(3092): Illuminate\\Database\\Query\\Builder->runSelect()
#4 C:\\xampp\\htdocs\\Repositorio_Grupal\\PSiga_2823506\\CODIGO PROYECTO\\BACKEND\\vendor\\laravel\\framework\\src\\Illuminate\\Database\\Query\\Builder.php(3679): Illuminate\\Database\\Query\\Builder->Illuminate\\Database\\Query\\{closure}()
#5 C:\\xampp\\htdocs\\Repositorio_Grupal\\PSiga_2823506\\CODIGO PROYECTO\\BACKEND\\vendor\\laravel\\framework\\src\\Illuminate\\Database\\Query\\Builder.php(3091): Illuminate\\Database\\Query\\Builder->onceWithColumns(Array, Object(Closure))
#6 C:\\xampp\\htdocs\\Repositorio_Grupal\\PSiga_2823506\\CODIGO PROYECTO\\BACKEND\\vendor\\laravel\\framework\\src\\Illuminate\\Database\\Query\\Builder.php(3605): Illuminate\\Database\\Query\\Builder->get(Array)
#7 C:\\xampp\\htdocs\\Repositorio_Grupal\\PSiga_2823506\\CODIGO PROYECTO\\BACKEND\\vendor\\laravel\\framework\\src\\Illuminate\\Database\\Query\\Builder.php(3533): Illuminate\\Database\\Query\\Builder->aggregate('count', Array)
#8 C:\\xampp\\htdocs\\Repositorio_Grupal\\PSiga_2823506\\CODIGO PROYECTO\\BACKEND\\vendor\\laravel\\framework\\src\\Illuminate\\Validation\\DatabasePresenceVerifier.php(53): Illuminate\\Database\\Query\\Builder->count()
#9 C:\\xampp\\htdocs\\Repositorio_Grupal\\PSiga_2823506\\CODIGO PROYECTO\\BACKEND\\vendor\\laravel\\framework\\src\\Illuminate\\Validation\\Concerns\\ValidatesAttributes.php(984): Illuminate\\Validation\\DatabasePresenceVerifier->getCount('estudiante', 'id', '1', NULL, NULL, Array)
#10 C:\\xampp\\htdocs\\Repositorio_Grupal\\PSiga_2823506\\CODIGO PROYECTO\\BACKEND\\vendor\\laravel\\framework\\src\\Illuminate\\Validation\\Concerns\\ValidatesAttributes.php(955): Illuminate\\Validation\\Validator->getExistCount(NULL, 'estudiante', 'id', '1', Array)
#11 C:\\xampp\\htdocs\\Repositorio_Grupal\\PSiga_2823506\\CODIGO PROYECTO\\BACKEND\\vendor\\laravel\\framework\\src\\Illuminate\\Validation\\Validator.php(685): Illuminate\\Validation\\Validator->validateExists('estudiante_id', '1', Array, Object(Illuminate\\Validation\\Validator))
#12 C:\\xampp\\htdocs\\Repositorio_Grupal\\PSiga_2823506\\CODIGO PROYECTO\\BACKEND\\vendor\\laravel\\framework\\src\\Illuminate\\Validation\\Validator.php(480): Illuminate\\Validation\\Validator->validateAttribute('estudiante_id', 'Exists')
#13 C:\\xampp\\htdocs\\Repositorio_Grupal\\PSiga_2823506\\CODIGO PROYECTO\\BACKEND\\vendor\\laravel\\framework\\src\\Illuminate\\Validation\\Validator.php(515): Illuminate\\Validation\\Validator->passes()
#14 C:\\xampp\\htdocs\\Repositorio_Grupal\\PSiga_2823506\\CODIGO PROYECTO\\BACKEND\\vendor\\laravel\\framework\\src\\Illuminate\\Validation\\Validator.php(557): Illuminate\\Validation\\Validator->fails()
#15 C:\\xampp\\htdocs\\Repositorio_Grupal\\PSiga_2823506\\CODIGO PROYECTO\\BACKEND\\vendor\\laravel\\framework\\src\\Illuminate\\Foundation\\Providers\\FoundationServiceProvider.php(155): Illuminate\\Validation\\Validator->validate()
#16 C:\\xampp\\htdocs\\Repositorio_Grupal\\PSiga_2823506\\CODIGO PROYECTO\\BACKEND\\vendor\\laravel\\framework\\src\\Illuminate\\Macroable\\Traits\\Macroable.php(126): Illuminate\\Http\\Request->Illuminate\\Foundation\\Providers\\{closure}(Array)
#17 C:\\xampp\\htdocs\\Repositorio_Grupal\\PSiga_2823506\\CODIGO PROYECTO\\BACKEND\\app\\Http\\Controllers\\AsistenciaController.php(13): Illuminate\\Http\\Request->__call('validate', Array)
#18 C:\\xampp\\htdocs\\Repositorio_Grupal\\PSiga_2823506\\CODIGO PROYECTO\\BACKEND\\vendor\\laravel\\framework\\src\\Illuminate\\Routing\\ControllerDispatcher.php(46): App\\Http\\Controllers\\AsistenciaController->marcar(Object(Illuminate\\Http\\Request))
#19 C:\\xampp\\htdocs\\Repositorio_Grupal\\PSiga_2823506\\CODIGO PROYECTO\\BACKEND\\vendor\\laravel\\framework\\src\\Illuminate\\Routing\\Route.php(265): Illuminate\\Routing\\ControllerDispatcher->dispatch(Object(Illuminate\\Routing\\Route), Object(App\\Http\\Controllers\\AsistenciaController), 'marcar')
#20 C:\\xampp\\htdocs\\Repositorio_Grupal\\PSiga_2823506\\CODIGO PROYECTO\\BACKEND\\vendor\\laravel\\framework\\src\\Illuminate\\Routing\\Route.php(211): Illuminate\\Routing\\Route->runController()
#21 C:\\xampp\\htdocs\\Repositorio_Grupal\\PSiga_2823506\\CODIGO PROYECTO\\BACKEND\\vendor\\laravel\\framework\\src\\Illuminate\\Routing\\Router.php(808): Illuminate\\Routing\\Route->run()
#22 C:\\xampp\\htdocs\\Repositorio_Grupal\\PSiga_2823506\\CODIGO PROYECTO\\BACKEND\\vendor\\laravel\\framework\\src\\Illuminate\\Pipeline\\Pipeline.php(169): Illuminate\\Routing\\Router->Illuminate\\Routing\\{closure}(Object(Illuminate\\Http\\Request))
#23 C:\\xampp\\htdocs\\Repositorio_Grupal\\PSiga_2823506\\CODIGO PROYECTO\\BACKEND\\vendor\\laravel\\framework\\src\\Illuminate\\Routing\\Middleware\\SubstituteBindings.php(50): Illuminate\\Pipeline\\Pipeline->Illuminate\\Pipeline\\{closure}(Object(Illuminate\\Http\\Request))
#24 C:\\xampp\\htdocs\\Repositorio_Grupal\\PSiga_2823506\\CODIGO PROYECTO\\BACKEND\\vendor\\laravel\\framework\\src\\Illuminate\\Pipeline\\Pipeline.php(208): Illuminate\\Routing\\Middleware\\SubstituteBindings->handle(Object(Illuminate\\Http\\Request), Object(Closure))
#25 C:\\xampp\\htdocs\\Repositorio_Grupal\\PSiga_2823506\\CODIGO PROYECTO\\BACKEND\\vendor\\laravel\\framework\\src\\Illuminate\\Pipeline\\Pipeline.php(126): Illuminate\\Pipeline\\Pipeline->Illuminate\\Pipeline\\{closure}(Object(Illuminate\\Http\\Request))
#26 C:\\xampp\\htdocs\\Repositorio_Grupal\\PSiga_2823506\\CODIGO PROYECTO\\BACKEND\\vendor\\laravel\\framework\\src\\Illuminate\\Routing\\Router.php(807): Illuminate\\Pipeline\\Pipeline->then(Object(Closure))
#27 C:\\xampp\\htdocs\\Repositorio_Grupal\\PSiga_2823506\\CODIGO PROYECTO\\BACKEND\\vendor\\laravel\\framework\\src\\Illuminate\\Routing\\Router.php(786): Illuminate\\Routing\\Router->runRouteWithinStack(Object(Illuminate\\Routing\\Route), Object(Illuminate\\Http\\Request))
#28 C:\\xampp\\htdocs\\Repositorio_Grupal\\PSiga_2823506\\CODIGO PROYECTO\\BACKEND\\vendor\\laravel\\framework\\src\\Illuminate\\Routing\\Router.php(750): Illuminate\\Routing\\Router->runRoute(Object(Illuminate\\Http\\Request), Object(Illuminate\\Routing\\Route))
#29 C:\\xampp\\htdocs\\Repositorio_Grupal\\PSiga_2823506\\CODIGO PROYECTO\\BACKEND\\vendor\\laravel\\framework\\src\\Illuminate\\Routing\\Router.php(739): Illuminate\\Routing\\Router->dispatchToRoute(Object(Illuminate\\Http\\Request))
#30 C:\\xampp\\htdocs\\Repositorio_Grupal\\PSiga_2823506\\CODIGO PROYECTO\\BACKEND\\vendor\\laravel\\framework\\src\\Illuminate\\Foundation\\Http\\Kernel.php(200): Illuminate\\Routing\\Router->dispatch(Object(Illuminate\\Http\\Request))
#31 C:\\xampp\\htdocs\\Repositorio_Grupal\\PSiga_2823506\\CODIGO PROYECTO\\BACKEND\\vendor\\laravel\\framework\\src\\Illuminate\\Pipeline\\Pipeline.php(169): Illuminate\\Foundation\\Http\\Kernel->Illuminate\\Foundation\\Http\\{closure}(Object(Illuminate\\Http\\Request))
#32 C:\\xampp\\htdocs\\Repositorio_Grupal\\PSiga_2823506\\CODIGO PROYECTO\\BACKEND\\vendor\\laravel\\framework\\src\\Illuminate\\Foundation\\Http\\Middleware\\TransformsRequest.php(21): Illuminate\\Pipeline\\Pipeline->Illuminate\\Pipeline\\{closure}(Object(Illuminate\\Http\\Request))
#33 C:\\xampp\\htdocs\\Repositorio_Grupal\\PSiga_2823506\\CODIGO PROYECTO\\BACKEND\\vendor\\laravel\\framework\\src\\Illuminate\\Foundation\\Http\\Middleware\\ConvertEmptyStringsToNull.php(31): Illuminate\\Foundation\\Http\\Middleware\\TransformsRequest->handle(Object(Illuminate\\Http\\Request), Object(Closure))
#34 C:\\xampp\\htdocs\\Repositorio_Grupal\\PSiga_2823506\\CODIGO PROYECTO\\BACKEND\\vendor\\laravel\\framework\\src\\Illuminate\\Pipeline\\Pipeline.php(208): Illuminate\\Foundation\\Http\\Middleware\\ConvertEmptyStringsToNull->handle(Object(Illuminate\\Http\\Request), Object(Closure))
#35 C:\\xampp\\htdocs\\Repositorio_Grupal\\PSiga_2823506\\CODIGO PROYECTO\\BACKEND\\vendor\\laravel\\framework\\src\\Illuminate\\Foundation\\Http\\Middleware\\TransformsRequest.php(21): Illuminate\\Pipeline\\Pipeline->Illuminate\\Pipeline\\{closure}(Object(Illuminate\\Http\\Request))
#36 C:\\xampp\\htdocs\\Repositorio_Grupal\\PSiga_2823506\\CODIGO PROYECTO\\BACKEND\\vendor\\laravel\\framework\\src\\Illuminate\\Foundation\\Http\\Middleware\\TrimStrings.php(51): Illuminate\\Foundation\\Http\\Middleware\\TransformsRequest->handle(Object(Illuminate\\Http\\Request), Object(Closure))
#37 C:\\xampp\\htdocs\\Repositorio_Grupal\\PSiga_2823506\\CODIGO PROYECTO\\BACKEND\\vendor\\laravel\\framework\\src\\Illuminate\\Pipeline\\Pipeline.php(208): Illuminate\\Foundation\\Http\\Middleware\\TrimStrings->handle(Object(Illuminate\\Http\\Request), Object(Closure))
#38 C:\\xampp\\htdocs\\Repositorio_Grupal\\PSiga_2823506\\CODIGO PROYECTO\\BACKEND\\vendor\\laravel\\framework\\src\\Illuminate\\Http\\Middleware\\ValidatePostSize.php(27): Illuminate\\Pipeline\\Pipeline->Illuminate\\Pipeline\\{closure}(Object(Illuminate\\Http\\Request))
#39 C:\\xampp\\htdocs\\Repositorio_Grupal\\PSiga_2823506\\CODIGO PROYECTO\\BACKEND\\vendor\\laravel\\framework\\src\\Illuminate\\Pipeline\\Pipeline.php(208): Illuminate\\Http\\Middleware\\ValidatePostSize->handle(Object(Illuminate\\Http\\Request), Object(Closure))
#40 C:\\xampp\\htdocs\\Repositorio_Grupal\\PSiga_2823506\\CODIGO PROYECTO\\BACKEND\\vendor\\laravel\\framework\\src\\Illuminate\\Foundation\\Http\\Middleware\\PreventRequestsDuringMaintenance.php(109): Illuminate\\Pipeline\\Pipeline->Illuminate\\Pipeline\\{closure}(Object(Illuminate\\Http\\Request))
#41 C:\\xampp\\htdocs\\Repositorio_Grupal\\PSiga_2823506\\CODIGO PROYECTO\\BACKEND\\vendor\\laravel\\framework\\src\\Illuminate\\Pipeline\\Pipeline.php(208): Illuminate\\Foundation\\Http\\Middleware\\PreventRequestsDuringMaintenance->handle(Object(Illuminate\\Http\\Request), Object(Closure))
#42 C:\\xampp\\htdocs\\Repositorio_Grupal\\PSiga_2823506\\CODIGO PROYECTO\\BACKEND\\vendor\\laravel\\framework\\src\\Illuminate\\Http\\Middleware\\HandleCors.php(61): Illuminate\\Pipeline\\Pipeline->Illuminate\\Pipeline\\{closure}(Object(Illuminate\\Http\\Request))
#43 C:\\xampp\\htdocs\\Repositorio_Grupal\\PSiga_2823506\\CODIGO PROYECTO\\BACKEND\\vendor\\laravel\\framework\\src\\Illuminate\\Pipeline\\Pipeline.php(208): Illuminate\\Http\\Middleware\\HandleCors->handle(Object(Illuminate\\Http\\Request), Object(Closure))
#44 C:\\xampp\\htdocs\\Repositorio_Grupal\\PSiga_2823506\\CODIGO PROYECTO\\BACKEND\\vendor\\laravel\\framework\\src\\Illuminate\\Http\\Middleware\\TrustProxies.php(58): Illuminate\\Pipeline\\Pipeline->Illuminate\\Pipeline\\{closure}(Object(Illuminate\\Http\\Request))
#45 C:\\xampp\\htdocs\\Repositorio_Grupal\\PSiga_2823506\\CODIGO PROYECTO\\BACKEND\\vendor\\laravel\\framework\\src\\Illuminate\\Pipeline\\Pipeline.php(208): Illuminate\\Http\\Middleware\\TrustProxies->handle(Object(Illuminate\\Http\\Request), Object(Closure))
#46 C:\\xampp\\htdocs\\Repositorio_Grupal\\PSiga_2823506\\CODIGO PROYECTO\\BACKEND\\vendor\\laravel\\framework\\src\\Illuminate\\Foundation\\Http\\Middleware\\InvokeDeferredCallbacks.php(22): Illuminate\\Pipeline\\Pipeline->Illuminate\\Pipeline\\{closure}(Object(Illuminate\\Http\\Request))
#47 C:\\xampp\\htdocs\\Repositorio_Grupal\\PSiga_2823506\\CODIGO PROYECTO\\BACKEND\\vendor\\laravel\\framework\\src\\Illuminate\\Pipeline\\Pipeline.php(208): Illuminate\\Foundation\\Http\\Middleware\\InvokeDeferredCallbacks->handle(Object(Illuminate\\Http\\Request), Object(Closure))
#48 C:\\xampp\\htdocs\\Repositorio_Grupal\\PSiga_2823506\\CODIGO PROYECTO\\BACKEND\\vendor\\laravel\\framework\\src\\Illuminate\\Http\\Middleware\\ValidatePathEncoding.php(26): Illuminate\\Pipeline\\Pipeline->Illuminate\\Pipeline\\{closure}(Object(Illuminate\\Http\\Request))
#49 C:\\xampp\\htdocs\\Repositorio_Grupal\\PSiga_2823506\\CODIGO PROYECTO\\BACKEND\\vendor\\laravel\\framework\\src\\Illuminate\\Pipeline\\Pipeline.php(208): Illuminate\\Http\\Middleware\\ValidatePathEncoding->handle(Object(Illuminate\\Http\\Request), Object(Closure))
#50 C:\\xampp\\htdocs\\Repositorio_Grupal\\PSiga_2823506\\CODIGO PROYECTO\\BACKEND\\vendor\\laravel\\framework\\src\\Illuminate\\Pipeline\\Pipeline.php(126): Illuminate\\Pipeline\\Pipeline->Illuminate\\Pipeline\\{closure}(Object(Illuminate\\Http\\Request))
#51 C:\\xampp\\htdocs\\Repositorio_Grupal\\PSiga_2823506\\CODIGO PROYECTO\\BACKEND\\vendor\\laravel\\framework\\src\\Illuminate\\Foundation\\Http\\Kernel.php(175): Illuminate\\Pipeline\\Pipeline->then(Object(Closure))
#52 C:\\xampp\\htdocs\\Repositorio_Grupal\\PSiga_2823506\\CODIGO PROYECTO\\BACKEND\\vendor\\laravel\\framework\\src\\Illuminate\\Foundation\\Http\\Kernel.php(144): Illuminate\\Foundation\\Http\\Kernel->sendRequestThroughRouter(Object(Illuminate\\Http\\Request))
#53 C:\\xampp\\htdocs\\Repositorio_Grupal\\PSiga_2823506\\CODIGO PROYECTO\\BACKEND\\vendor\\laravel\\framework\\src\\Illuminate\\Foundation\\Application.php(1219): Illuminate\\Foundation\\Http\\Kernel->handle(Object(Illuminate\\Http\\Request))
#54 C:\\xampp\\htdocs\\Repositorio_Grupal\\PSiga_2823506\\CODIGO PROYECTO\\BACKEND\\public\\index.php(20): Illuminate\\Foundation\\Application->handleRequest(Object(Illuminate\\Http\\Request))
#55 C:\\xampp\\htdocs\\Repositorio_Grupal\\PSiga_2823506\\CODIGO PROYECTO\\BACKEND\\vendor\\laravel\\framework\\src\\Illuminate\\Foundation\\resources\\server.php(23): require_once('C:\\\\xampp\\\\htdocs...')
#56 {main}

[previous exception] [object] (PDOException(code: 42S02): SQLSTATE[42S02]: Base table or view not found: 1146 Table 'siga.estudiante' doesn't exist at C:\\xampp\\htdocs\\Repositorio_Grupal\\PSiga_2823506\\CODIGO PROYECTO\\BACKEND\\vendor\\laravel\\framework\\src\\Illuminate\\Database\\Connection.php:404)
[stacktrace]
#0 C:\\xampp\\htdocs\\Repositorio_Grupal\\PSiga_2823506\\CODIGO PROYECTO\\BACKEND\\vendor\\laravel\\framework\\src\\Illuminate\\Database\\Connection.php(404): PDO->prepare('select count(*)...')
#1 C:\\xampp\\htdocs\\Repositorio_Grupal\\PSiga_2823506\\CODIGO PROYECTO\\BACKEND\\vendor\\laravel\\framework\\src\\Illuminate\\Database\\Connection.php(809): Illuminate\\Database\\Connection->Illuminate\\Database\\{closure}('select count(*)...', Array)
#2 C:\\xampp\\htdocs\\Repositorio_Grupal\\PSiga_2823506\\CODIGO PROYECTO\\BACKEND\\vendor\\laravel\\framework\\src\\Illuminate\\Database\\Connection.php(776): Illuminate\\Database\\Connection->runQueryCallback('select count(*)...', Array, Object(Closure))
#3 C:\\xampp\\htdocs\\Repositorio_Grupal\\PSiga_2823506\\CODIGO PROYECTO\\BACKEND\\vendor\\laravel\\framework\\src\\Illuminate\\Database\\Connection.php(395): Illuminate\\Database\\Connection->run('select count(*)...', Array, Object(Closure))
#4 C:\\xampp\\htdocs\\Repositorio_Grupal\\PSiga_2823506\\CODIGO PROYECTO\\BACKEND\\vendor\\laravel\\framework\\src\\Illuminate\\Database\\Query\\Builder.php(3107): Illuminate\\Database\\Connection->select('select count(*)...', Array, false)
#5 C:\\xampp\\htdocs\\Repositorio_Grupal\\PSiga_2823506\\CODIGO PROYECTO\\BACKEND\\vendor\\laravel\\framework\\src\\Illuminate\\Database\\Query\\Builder.php(3092): Illuminate\\Database\\Query\\Builder->runSelect()
#6 C:\\xampp\\htdocs\\Repositorio_Grupal\\PSiga_2823506\\CODIGO PROYECTO\\BACKEND\\vendor\\laravel\\framework\\src\\Illuminate\\Database\\Query\\Builder.php(3679): Illuminate\\Database\\Query\\Builder->Illuminate\\Database\\Query\\{closure}()
#7 C:\\xampp\\htdocs\\Repositorio_Grupal\\PSiga_2823506\\CODIGO PROYECTO\\BACKEND\\vendor\\laravel\\framework\\src\\Illuminate\\Database\\Query\\Builder.php(3091): Illuminate\\Database\\Query\\Builder->onceWithColumns(Array, Object(Closure))
#8 C:\\xampp\\htdocs\\Repositorio_Grupal\\PSiga_2823506\\CODIGO PROYECTO\\BACKEND\\vendor\\laravel\\framework\\src\\Illuminate\\Database\\Query\\Builder.php(3605): Illuminate\\Database\\Query\\Builder->get(Array)
#9 C:\\xampp\\htdocs\\Repositorio_Grupal\\PSiga_2823506\\CODIGO PROYECTO\\BACKEND\\vendor\\laravel\\framework\\src\\Illuminate\\Database\\Query\\Builder.php(3533): Illuminate\\Database\\Query\\Builder->aggregate('count', Array)
#10 C:\\xampp\\htdocs\\Repositorio_Grupal\\PSiga_2823506\\CODIGO PROYECTO\\BACKEND\\vendor\\laravel\\framework\\src\\Illuminate\\Validation\\DatabasePresenceVerifier.php(53): Illuminate\\Database\\Query\\Builder->count()
#11 C:\\xampp\\htdocs\\Repositorio_Grupal\\PSiga_2823506\\CODIGO PROYECTO\\BACKEND\\vendor\\laravel\\framework\\src\\Illuminate\\Validation\\Concerns\\ValidatesAttributes.php(984): Illuminate\\Validation\\DatabasePresenceVerifier->getCount('estudiante', 'id', '1', NULL, NULL, Array)
#12 C:\\xampp\\htdocs\\Repositorio_Grupal\\PSiga_2823506\\CODIGO PROYECTO\\BACKEND\\vendor\\laravel\\framework\\src\\Illuminate\\Validation\\Concerns\\ValidatesAttributes.php(955): Illuminate\\Validation\\Validator->getExistCount(NULL, 'estudiante', 'id', '1', Array)
#13 C:\\xampp\\htdocs\\Repositorio_Grupal\\PSiga_2823506\\CODIGO PROYECTO\\BACKEND\\vendor\\laravel\\framework\\src\\Illuminate\\Validation\\Validator.php(685): Illuminate\\Validation\\Validator->validateExists('estudiante_id', '1', Array, Object(Illuminate\\Validation\\Validator))
#14 C:\\xampp\\htdocs\\Repositorio_Grupal\\PSiga_2823506\\CODIGO PROYECTO\\BACKEND\\vendor\\laravel\\framework\\src\\Illuminate\\Validation\\Validator.php(480): Illuminate\\Validation\\Validator->validateAttribute('estudiante_id', 'Exists')
#15 C:\\xampp\\htdocs\\Repositorio_Grupal\\PSiga_2823506\\CODIGO PROYECTO\\BACKEND\\vendor\\laravel\\framework\\src\\Illuminate\\Validation\\Validator.php(515): Illuminate\\Validation\\Validator->passes()
#16 C:\\xampp\\htdocs\\Repositorio_Grupal\\PSiga_2823506\\CODIGO PROYECTO\\BACKEND\\vendor\\laravel\\framework\\src\\Illuminate\\Validation\\Validator.php(557): Illuminate\\Validation\\Validator->fails()
#17 C:\\xampp\\htdocs\\Repositorio_Grupal\\PSiga_2823506\\CODIGO PROYECTO\\BACKEND\\vendor\\laravel\\framework\\src\\Illuminate\\Foundation\\Providers\\FoundationServiceProvider.php(155): Illuminate\\Validation\\Validator->validate()
#18 C:\\xampp\\htdocs\\Repositorio_Grupal\\PSiga_2823506\\CODIGO PROYECTO\\BACKEND\\vendor\\laravel\\framework\\src\\Illuminate\\Macroable\\Traits\\Macroable.php(126): Illuminate\\Http\\Request->Illuminate\\Foundation\\Providers\\{closure}(Array)
#19 C:\\xampp\\htdocs\\Repositorio_Grupal\\PSiga_2823506\\CODIGO PROYECTO\\BACKEND\\app\\Http\\Controllers\\AsistenciaController.php(13): Illuminate\\Http\\Request->__call('validate', Array)
#20 C:\\xampp\\htdocs\\Repositorio_Grupal\\PSiga_2823506\\CODIGO PROYECTO\\BACKEND\\vendor\\laravel\\framework\\src\\Illuminate\\Routing\\ControllerDispatcher.php(46): App\\Http\\Controllers\\AsistenciaController->marcar(Object(Illuminate\\Http\\Request))
#21 C:\\xampp\\htdocs\\Repositorio_Grupal\\PSiga_2823506\\CODIGO PROYECTO\\BACKEND\\vendor\\laravel\\framework\\src\\Illuminate\\Routing\\Route.php(265): Illuminate\\Routing\\ControllerDispatcher->dispatch(Object(Illuminate\\Routing\\Route), Object(App\\Http\\Controllers\\AsistenciaController), 'marcar')
#22 C:\\xampp\\htdocs\\Repositorio_Grupal\\PSiga_2823506\\CODIGO PROYECTO\\BACKEND\\vendor\\laravel\\framework\\src\\Illuminate\\Routing\\Route.php(211): Illuminate\\Routing\\Route->runController()
#23 C:\\xampp\\htdocs\\Repositorio_Grupal\\PSiga_2823506\\CODIGO PROYECTO\\BACKEND\\vendor\\laravel\\framework\\src\\Illuminate\\Routing\\Router.php(808): Illuminate\\Routing\\Route->run()
#24 C:\\xampp\\htdocs\\Repositorio_Grupal\\PSiga_2823506\\CODIGO PROYECTO\\BACKEND\\vendor\\laravel\\framework\\src\\Illuminate\\Pipeline\\Pipeline.php(169): Illuminate\\Routing\\Router->Illuminate\\Routing\\{closure}(Object(Illuminate\\Http\\Request))
#25 C:\\xampp\\htdocs\\Repositorio_Grupal\\PSiga_2823506\\CODIGO PROYECTO\\BACKEND\\vendor\\laravel\\framework\\src\\Illuminate\\Routing\\Middleware\\SubstituteBindings.php(50): Illuminate\\Pipeline\\Pipeline->Illuminate\\Pipeline\\{closure}(Object(Illuminate\\Http\\Request))
#26 C:\\xampp\\htdocs\\Repositorio_Grupal\\PSiga_2823506\\CODIGO PROYECTO\\BACKEND\\vendor\\laravel\\framework\\src\\Illuminate\\Pipeline\\Pipeline.php(208): Illuminate\\Routing\\Middleware\\SubstituteBindings->handle(Object(Illuminate\\Http\\Request), Object(Closure))
#27 C:\\xampp\\htdocs\\Repositorio_Grupal\\PSiga_2823506\\CODIGO PROYECTO\\BACKEND\\vendor\\laravel\\framework\\src\\Illuminate\\Pipeline\\Pipeline.php(126): Illuminate\\Pipeline\\Pipeline->Illuminate\\Pipeline\\{closure}(Object(Illuminate\\Http\\Request))
#28 C:\\xampp\\htdocs\\Repositorio_Grupal\\PSiga_2823506\\CODIGO PROYECTO\\BACKEND\\vendor\\laravel\\framework\\src\\Illuminate\\Routing\\Router.php(807): Illuminate\\Pipeline\\Pipeline->then(Object(Closure))
#29 C:\\xampp\\htdocs\\Repositorio_Grupal\\PSiga_2823506\\CODIGO PROYECTO\\BACKEND\\vendor\\laravel\\framework\\src\\Illuminate\\Routing\\Router.php(786): Illuminate\\Routing\\Router->runRouteWithinStack(Object(Illuminate\\Routing\\Route), Object(Illuminate\\Http\\Request))
#30 C:\\xampp\\htdocs\\Repositorio_Grupal\\PSiga_2823506\\CODIGO PROYECTO\\BACKEND\\vendor\\laravel\\framework\\src\\Illuminate\\Routing\\Router.php(750): Illuminate\\Routing\\Router->runRoute(Object(Illuminate\\Http\\Request), Object(Illuminate\\Routing\\Route))
#31 C:\\xampp\\htdocs\\Repositorio_Grupal\\PSiga_2823506\\CODIGO PROYECTO\\BACKEND\\vendor\\laravel\\framework\\src\\Illuminate\\Routing\\Router.php(739): Illuminate\\Routing\\Router->dispatchToRoute(Object(Illuminate\\Http\\Request))
#32 C:\\xampp\\htdocs\\Repositorio_Grupal\\PSiga_2823506\\CODIGO PROYECTO\\BACKEND\\vendor\\laravel\\framework\\src\\Illuminate\\Foundation\\Http\\Kernel.php(200): Illuminate\\Routing\\Router->dispatch(Object(Illuminate\\Http\\Request))
#33 C:\\xampp\\htdocs\\Repositorio_Grupal\\PSiga_2823506\\CODIGO PROYECTO\\BACKEND\\vendor\\laravel\\framework\\src\\Illuminate\\Pipeline\\Pipeline.php(169): Illuminate\\Foundation\\Http\\Kernel->Illuminate\\Foundation\\Http\\{closure}(Object(Illuminate\\Http\\Request))
#34 C:\\xampp\\htdocs\\Repositorio_Grupal\\PSiga_2823506\\CODIGO PROYECTO\\BACKEND\\vendor\\laravel\\framework\\src\\Illuminate\\Foundation\\Http\\Middleware\\TransformsRequest.php(21): Illuminate\\Pipeline\\Pipeline->Illuminate\\Pipeline\\{closure}(Object(Illuminate\\Http\\Request))
#35 C:\\xampp\\htdocs\\Repositorio_Grupal\\PSiga_2823506\\CODIGO PROYECTO\\BACKEND\\vendor\\laravel\\framework\\src\\Illuminate\\Foundation\\Http\\Middleware\\ConvertEmptyStringsToNull.php(31): Illuminate\\Foundation\\Http\\Middleware\\TransformsRequest->handle(Object(Illuminate\\Http\\Request), Object(Closure))
#36 C:\\xampp\\htdocs\\Repositorio_Grupal\\PSiga_2823506\\CODIGO PROYECTO\\BACKEND\\vendor\\laravel\\framework\\src\\Illuminate\\Pipeline\\Pipeline.php(208): Illuminate\\Foundation\\Http\\Middleware\\ConvertEmptyStringsToNull->handle(Object(Illuminate\\Http\\Request), Object(Closure))
#37 C:\\xampp\\htdocs\\Repositorio_Grupal\\PSiga_2823506\\CODIGO PROYECTO\\BACKEND\\vendor\\laravel\\framework\\src\\Illuminate\\Foundation\\Http\\Middleware\\TransformsRequest.php(21): Illuminate\\Pipeline\\Pipeline->Illuminate\\Pipeline\\{closure}(Object(Illuminate\\Http\\Request))
#38 C:\\xampp\\htdocs\\Repositorio_Grupal\\PSiga_2823506\\CODIGO PROYECTO\\BACKEND\\vendor\\laravel\\framework\\src\\Illuminate\\Foundation\\Http\\Middleware\\TrimStrings.php(51): Illuminate\\Foundation\\Http\\Middleware\\TransformsRequest->handle(Object(Illuminate\\Http\\Request), Object(Closure))
#39 C:\\xampp\\htdocs\\Repositorio_Grupal\\PSiga_2823506\\CODIGO PROYECTO\\BACKEND\\vendor\\laravel\\framework\\src\\Illuminate\\Pipeline\\Pipeline.php(208): Illuminate\\Foundation\\Http\\Middleware\\TrimStrings->handle(Object(Illuminate\\Http\\Request), Object(Closure))
#40 C:\\xampp\\htdocs\\Repositorio_Grupal\\PSiga_2823506\\CODIGO PROYECTO\\BACKEND\\vendor\\laravel\\framework\\src\\Illuminate\\Http\\Middleware\\ValidatePostSize.php(27): Illuminate\\Pipeline\\Pipeline->Illuminate\\Pipeline\\{closure}(Object(Illuminate\\Http\\Request))
#41 C:\\xampp\\htdocs\\Repositorio_Grupal\\PSiga_2823506\\CODIGO PROYECTO\\BACKEND\\vendor\\laravel\\framework\\src\\Illuminate\\Pipeline\\Pipeline.php(208): Illuminate\\Http\\Middleware\\ValidatePostSize->handle(Object(Illuminate\\Http\\Request), Object(Closure))
#42 C:\\xampp\\htdocs\\Repositorio_Grupal\\PSiga_2823506\\CODIGO PROYECTO\\BACKEND\\vendor\\laravel\\framework\\src\\Illuminate\\Foundation\\Http\\Middleware\\PreventRequestsDuringMaintenance.php(109): Illuminate\\Pipeline\\Pipeline->Illuminate\\Pipeline\\{closure}(Object(Illuminate\\Http\\Request))
#43 C:\\xampp\\htdocs\\Repositorio_Grupal\\PSiga_2823506\\CODIGO PROYECTO\\BACKEND\\vendor\\laravel\\framework\\src\\Illuminate\\Pipeline\\Pipeline.php(208): Illuminate\\Foundation\\Http\\Middleware\\PreventRequestsDuringMaintenance->handle(Object(Illuminate\\Http\\Request), Object(Closure))
#44 C:\\xampp\\htdocs\\Repositorio_Grupal\\PSiga_2823506\\CODIGO PROYECTO\\BACKEND\\vendor\\laravel\\framework\\src\\Illuminate\\Http\\Middleware\\HandleCors.php(61): Illuminate\\Pipeline\\Pipeline->Illuminate\\Pipeline\\{closure}(Object(Illuminate\\Http\\Request))
#45 C:\\xampp\\htdocs\\Repositorio_Grupal\\PSiga_2823506\\CODIGO PROYECTO\\BACKEND\\vendor\\laravel\\framework\\src\\Illuminate\\Pipeline\\Pipeline.php(208): Illuminate\\Http\\Middleware\\HandleCors->handle(Object(Illuminate\\Http\\Request), Object(Closure))
#46 C:\\xampp\\htdocs\\Repositorio_Grupal\\PSiga_2823506\\CODIGO PROYECTO\\BACKEND\\vendor\\laravel\\framework\\src\\Illuminate\\Http\\Middleware\\TrustProxies.php(58): Illuminate\\Pipeline\\Pipeline->Illuminate\\Pipeline\\{closure}(Object(Illuminate\\Http\\Request))
#47 C:\\xampp\\htdocs\\Repositorio_Grupal\\PSiga_2823506\\CODIGO PROYECTO\\BACKEND\\vendor\\laravel\\framework\\src\\Illuminate\\Pipeline\\Pipeline.php(208): Illuminate\\Http\\Middleware\\TrustProxies->handle(Object(Illuminate\\Http\\Request), Object(Closure))
#48 C:\\xampp\\htdocs\\Repositorio_Grupal\\PSiga_2823506\\CODIGO PROYECTO\\BACKEND\\vendor\\laravel\\framework\\src\\Illuminate\\Foundation\\Http\\Middleware\\InvokeDeferredCallbacks.php(22): Illuminate\\Pipeline\\Pipeline->Illuminate\\Pipeline\\{closure}(Object(Illuminate\\Http\\Request))
#49 C:\\xampp\\htdocs\\Repositorio_Grupal\\PSiga_2823506\\CODIGO PROYECTO\\BACKEND\\vendor\\laravel\\framework\\src\\Illuminate\\Pipeline\\Pipeline.php(208): Illuminate\\Foundation\\Http\\Middleware\\InvokeDeferredCallbacks->handle(Object(Illuminate\\Http\\Request), Object(Closure))
#50 C:\\xampp\\htdocs\\Repositorio_Grupal\\PSiga_2823506\\CODIGO PROYECTO\\BACKEND\\vendor\\laravel\\framework\\src\\Illuminate\\Http\\Middleware\\ValidatePathEncoding.php(26): Illuminate\\Pipeline\\Pipeline->Illuminate\\Pipeline\\{closure}(Object(Illuminate\\Http\\Request))
#51 C:\\xampp\\htdocs\\Repositorio_Grupal\\PSiga_2823506\\CODIGO PROYECTO\\BACKEND\\vendor\\laravel\\framework\\src\\Illuminate\\Pipeline\\Pipeline.php(208): Illuminate\\Http\\Middleware\\ValidatePathEncoding->handle(Object(Illuminate\\Http\\Request), Object(Closure))
#52 C:\\xampp\\htdocs\\Repositorio_Grupal\\PSiga_2823506\\CODIGO PROYECTO\\BACKEND\\vendor\\laravel\\framework\\src\\Illuminate\\Pipeline\\Pipeline.php(126): Illuminate\\Pipeline\\Pipeline->Illuminate\\Pipeline\\{closure}(Object(Illuminate\\Http\\Request))
#53 C:\\xampp\\htdocs\\Repositorio_Grupal\\PSiga_2823506\\CODIGO PROYECTO\\BACKEND\\vendor\\laravel\\framework\\src\\Illuminate\\Foundation\\Http\\Kernel.php(175): Illuminate\\Pipeline\\Pipeline->then(Object(Closure))
#54 C:\\xampp\\htdocs\\Repositorio_Grupal\\PSiga_2823506\\CODIGO PROYECTO\\BACKEND\\vendor\\laravel\\framework\\src\\Illuminate\\Foundation\\Http\\Kernel.php(144): Illuminate\\Foundation\\Http\\Kernel->sendRequestThroughRouter(Object(Illuminate\\Http\\Request))
#55 C:\\xampp\\htdocs\\Repositorio_Grupal\\PSiga_2823506\\CODIGO PROYECTO\\BACKEND\\vendor\\laravel\\framework\\src\\Illuminate\\Foundation\\Application.php(1219): Illuminate\\Foundation\\Http\\Kernel->handle(Object(Illuminate\\Http\\Request))
#56 C:\\xampp\\htdocs\\Repositorio_Grupal\\PSiga_2823506\\CODIGO PROYECTO\\BACKEND\\public\\index.php(20): Illuminate\\Foundation\\Application->handleRequest(Object(Illuminate\\Http\\Request))
#57 C:\\xampp\\htdocs\\Repositorio_Grupal\\PSiga_2823506\\CODIGO PROYECTO\\BACKEND\\vendor\\laravel\\framework\\src\\Illuminate\\Foundation\\resources\\server.php(23): require_once('C:\\\\xampp\\\\htdocs...')
#58 {main}
"} 
